date,gu_id,demand_mt
2015-01-01,GU_Central_1,410641
2015-02-01,GU_Central_1,344022
2015-03-01,GU_Central_1,458505
2015-04-01,GU_Central_1,389666
2015-05-01,GU_Central_1,330691
2015-06-01,GU_Central_1,203117
2015-07-01,GU_Central_1,176752
2015-08-01,GU_Central_1,155258
2015-09-01,GU_Central_1,203906
2015-10-01,GU_Central_1,257633
2015-11-01,GU_Central_1,350538
2015-12-01,GU_Central_1,420453
2016-01-01,GU_Central_1,390791
2016-02-01,GU_Central_1,477931
2016-03-01,GU_Central_1,494829
2016-04-01,GU_Central_1,399553
2016-05-01,GU_Central_1,301875
2016-06-01,GU_Central_1,232662
2016-07-01,GU_Central_1,240216
2016-08-01,GU_Central_1,237438
2016-09-01,GU_Central_1,248525
2016-10-01,GU_Central_1,342836
2016-11-01,GU_Central_1,414513
2016-12-01,GU_Central_1,405675
2017-01-01,GU_Central_1,553811
2017-02-01,GU_Central_1,565958
2017-03-01,GU_Central_1,550993
2017-04-01,GU_Central_1,554195
2017-05-01,GU_Central_1,435923
2017-06-01,GU_Central_1,327709
2017-07-01,GU_Central_1,265263
2017-08-01,GU_Central_1,274820
2017-09-01,GU_Central_1,278410
2017-10-01,GU_Central_1,380323
2017-11-01,GU_Central_1,375913
2017-12-01,GU_Central_1,516210
2018-01-01,GU_Central_1,544915
2018-02-01,GU_Central_1,518075
2018-03-01,GU_Central_1,780853
2018-04-01,GU_Central_1,560746
2018-05-01,GU_Central_1,451280
2018-06-01,GU_Central_1,417809
2018-07-01,GU_Central_1,259319
2018-08-01,GU_Central_1,314983
2018-09-01,GU_Central_1,273578
2018-10-01,GU_Central_1,405401
2018-11-01,GU_Central_1,555467
2018-12-01,GU_Central_1,572827
2019-01-01,GU_Central_1,571873
2019-02-01,GU_Central_1,713447
2019-03-01,GU_Central_1,742350
2019-04-01,GU_Central_1,521901
2019-05-01,GU_Central_1,540589
2019-06-01,GU_Central_1,362605
2019-07-01,GU_Central_1,257472
2019-08-01,GU_Central_1,286748
2019-09-01,GU_Central_1,368487
2019-10-01,GU_Central_1,434826
2019-11-01,GU_Central_1,494493
2019-12-01,GU_Central_1,547216
2020-01-01,GU_Central_1,664994
2020-02-01,GU_Central_1,681503
2020-03-01,GU_Central_1,714672
2020-04-01,GU_Central_1,464476
2020-05-01,GU_Central_1,361092
2020-06-01,GU_Central_1,252842
2020-07-01,GU_Central_1,325777
2020-08-01,GU_Central_1,364392
2020-09-01,GU_Central_1,358791
2020-10-01,GU_Central_1,440776
2020-11-01,GU_Central_1,603931
2020-12-01,GU_Central_1,574324
2021-01-01,GU_Central_1,668622
2021-02-01,GU_Central_1,767078
2021-03-01,GU_Central_1,751947
2021-04-01,GU_Central_1,791604
2021-05-01,GU_Central_1,655799
2021-06-01,GU_Central_1,397599
2021-07-01,GU_Central_1,314050
2021-08-01,GU_Central_1,361311
2021-09-01,GU_Central_1,463626
2021-10-01,GU_Central_1,699909
2021-11-01,GU_Central_1,509735
2021-12-01,GU_Central_1,728772
2022-01-01,GU_Central_1,803361
2022-02-01,GU_Central_1,760602
2022-03-01,GU_Central_1,829221
2022-04-01,GU_Central_1,706623
2022-05-01,GU_Central_1,570347
2022-06-01,GU_Central_1,470356
2022-07-01,GU_Central_1,347954
2022-08-01,GU_Central_1,410193
2022-09-01,GU_Central_1,457151
2022-10-01,GU_Central_1,563029
2022-11-01,GU_Central_1,725785
2022-12-01,GU_Central_1,746392
2023-01-01,GU_Central_1,678344
2023-02-01,GU_Central_1,1039269
2023-03-01,GU_Central_1,1019839
2023-04-01,GU_Central_1,931033
2023-05-01,GU_Central_1,682086
2023-06-01,GU_Central_1,459108
2023-07-01,GU_Central_1,534643
2023-08-01,GU_Central_1,448258
2023-09-01,GU_Central_1,534944
2023-10-01,GU_Central_1,628159
2023-11-01,GU_Central_1,881832
2023-12-01,GU_Central_1,835849
2024-01-01,GU_Central_1,963709
2024-02-01,GU_Central_1,1026768
2024-03-01,GU_Central_1,1114516
2024-04-01,GU_Central_1,940423
2024-05-01,GU_Central_1,860313
2024-06-01,GU_Central_1,599519
2024-07-01,GU_Central_1,472737
2024-08-01,GU_Central_1,539913
2024-09-01,GU_Central_1,545911
2024-10-01,GU_Central_1,736486
2024-11-01,GU_Central_1,1049167
2024-12-01,GU_Central_1,917898
2025-01-01,GU_Central_1,1115902
2025-02-01,GU_Central_1,1201797
2025-03-01,GU_Central_1,1360725
2025-04-01,GU_Central_1,1061266
2025-05-01,GU_Central_1,968942
2025-06-01,GU_Central_1,701456
2025-07-01,GU_Central_1,555282
2025-08-01,GU_Central_1,653373
2025-09-01,GU_Central_1,672161
2025-10-01,GU_Central_1,848561
2025-11-01,GU_Central_1,958886
2025-12-01,GU_Central_1,1030693
2015-01-01,GU_Central_2,342968
2015-02-01,GU_Central_2,376224
2015-03-01,GU_Central_2,370892
2015-04-01,GU_Central_2,360515
2015-05-01,GU_Central_2,293631
2015-06-01,GU_Central_2,280641
2015-07-01,GU_Central_2,190392
2015-08-01,GU_Central_2,199385
2015-09-01,GU_Central_2,225786
2015-10-01,GU_Central_2,301993
2015-11-01,GU_Central_2,339648
2015-12-01,GU_Central_2,307411
2016-01-01,GU_Central_2,432269
2016-02-01,GU_Central_2,434177
2016-03-01,GU_Central_2,484842
2016-04-01,GU_Central_2,430022
2016-05-01,GU_Central_2,394493
2016-06-01,GU_Central_2,227898
2016-07-01,GU_Central_2,233654
2016-08-01,GU_Central_2,253606
2016-09-01,GU_Central_2,174520
2016-10-01,GU_Central_2,313710
2016-11-01,GU_Central_2,371500
2016-12-01,GU_Central_2,381835
2017-01-01,GU_Central_2,475093
2017-02-01,GU_Central_2,481908
2017-03-01,GU_Central_2,556341
2017-04-01,GU_Central_2,447286
2017-05-01,GU_Central_2,437951
2017-06-01,GU_Central_2,280004
2017-07-01,GU_Central_2,207559
2017-08-01,GU_Central_2,205110
2017-09-01,GU_Central_2,292412
2017-10-01,GU_Central_2,390616
2017-11-01,GU_Central_2,404639
2017-12-01,GU_Central_2,514109
2018-01-01,GU_Central_2,575292
2018-02-01,GU_Central_2,586544
2018-03-01,GU_Central_2,654749
2018-04-01,GU_Central_2,527840
2018-05-01,GU_Central_2,551458
2018-06-01,GU_Central_2,315012
2018-07-01,GU_Central_2,306746
2018-08-01,GU_Central_2,261725
2018-09-01,GU_Central_2,326479
2018-10-01,GU_Central_2,443248
2018-11-01,GU_Central_2,476980
2018-12-01,GU_Central_2,570979
2019-01-01,GU_Central_2,603814
2019-02-01,GU_Central_2,679126
2019-03-01,GU_Central_2,586189
2019-04-01,GU_Central_2,660555
2019-05-01,GU_Central_2,515621
2019-06-01,GU_Central_2,343012
2019-07-01,GU_Central_2,297212
2019-08-01,GU_Central_2,287726
2019-09-01,GU_Central_2,355646
2019-10-01,GU_Central_2,472676
2019-11-01,GU_Central_2,550426
2019-12-01,GU_Central_2,497785
2020-01-01,GU_Central_2,743738
2020-02-01,GU_Central_2,657456
2020-03-01,GU_Central_2,759028
2020-04-01,GU_Central_2,428882
2020-05-01,GU_Central_2,375953
2020-06-01,GU_Central_2,272814
2020-07-01,GU_Central_2,343030
2020-08-01,GU_Central_2,338799
2020-09-01,GU_Central_2,382234
2020-10-01,GU_Central_2,500057
2020-11-01,GU_Central_2,468145
2020-12-01,GU_Central_2,608864
2021-01-01,GU_Central_2,673487
2021-02-01,GU_Central_2,804435
2021-03-01,GU_Central_2,836842
2021-04-01,GU_Central_2,588712
2021-05-01,GU_Central_2,641671
2021-06-01,GU_Central_2,411716
2021-07-01,GU_Central_2,388068
2021-08-01,GU_Central_2,351170
2021-09-01,GU_Central_2,413878
2021-10-01,GU_Central_2,414792
2021-11-01,GU_Central_2,573345
2021-12-01,GU_Central_2,706592
2022-01-01,GU_Central_2,825475
2022-02-01,GU_Central_2,771116
2022-03-01,GU_Central_2,977991
2022-04-01,GU_Central_2,839080
2022-05-01,GU_Central_2,663861
2022-06-01,GU_Central_2,441542
2022-07-01,GU_Central_2,409902
2022-08-01,GU_Central_2,348807
2022-09-01,GU_Central_2,474611
2022-10-01,GU_Central_2,574138
2022-11-01,GU_Central_2,779047
2022-12-01,GU_Central_2,868095
2023-01-01,GU_Central_2,764120
2023-02-01,GU_Central_2,935117
2023-03-01,GU_Central_2,1021123
2023-04-01,GU_Central_2,766587
2023-05-01,GU_Central_2,774604
2023-06-01,GU_Central_2,465293
2023-07-01,GU_Central_2,504352
2023-08-01,GU_Central_2,412514
2023-09-01,GU_Central_2,551217
2023-10-01,GU_Central_2,591149
2023-11-01,GU_Central_2,701879
2023-12-01,GU_Central_2,924939
2024-01-01,GU_Central_2,903052
2024-02-01,GU_Central_2,1113009
2024-03-01,GU_Central_2,1111152
2024-04-01,GU_Central_2,1044490
2024-05-01,GU_Central_2,862570
2024-06-01,GU_Central_2,747693
2024-07-01,GU_Central_2,617881
2024-08-01,GU_Central_2,447525
2024-09-01,GU_Central_2,663664
2024-10-01,GU_Central_2,790108
2024-11-01,GU_Central_2,777033
2024-12-01,GU_Central_2,938232
2025-01-01,GU_Central_2,1107129
2025-02-01,GU_Central_2,1123487
2025-03-01,GU_Central_2,1155349
2025-04-01,GU_Central_2,1080124
2025-05-01,GU_Central_2,982885
2025-06-01,GU_Central_2,755589
2025-07-01,GU_Central_2,557529
2025-08-01,GU_Central_2,640324
2025-09-01,GU_Central_2,754716
2025-10-01,GU_Central_2,778035
2025-11-01,GU_Central_2,949162
2025-12-01,GU_Central_2,1067825
2015-01-01,GU_Central_3,358173
2015-02-01,GU_Central_3,359266
2015-03-01,GU_Central_3,352656
2015-04-01,GU_Central_3,356267
2015-05-01,GU_Central_3,297831
2015-06-01,GU_Central_3,185575
2015-07-01,GU_Central_3,190302
2015-08-01,GU_Central_3,167289
2015-09-01,GU_Central_3,199935
2015-10-01,GU_Central_3,283417
2015-11-01,GU_Central_3,316788
2015-12-01,GU_Central_3,363314
2016-01-01,GU_Central_3,419963
2016-02-01,GU_Central_3,457806
2016-03-01,GU_Central_3,417250
2016-04-01,GU_Central_3,424272
2016-05-01,GU_Central_3,353498
2016-06-01,GU_Central_3,218966
2016-07-01,GU_Central_3,223407
2016-08-01,GU_Central_3,251671
2016-09-01,GU_Central_3,244166
2016-10-01,GU_Central_3,363486
2016-11-01,GU_Central_3,345544
2016-12-01,GU_Central_3,443678
2017-01-01,GU_Central_3,423368
2017-02-01,GU_Central_3,479243
2017-03-01,GU_Central_3,542008
2017-04-01,GU_Central_3,547624
2017-05-01,GU_Central_3,447095
2017-06-01,GU_Central_3,277759
2017-07-01,GU_Central_3,290007
2017-08-01,GU_Central_3,248139
2017-09-01,GU_Central_3,346442
2017-10-01,GU_Central_3,410548
2017-11-01,GU_Central_3,443558
2017-12-01,GU_Central_3,457584
2018-01-01,GU_Central_3,640349
2018-02-01,GU_Central_3,578815
2018-03-01,GU_Central_3,506733
2018-04-01,GU_Central_3,495189
2018-05-01,GU_Central_3,500742
2018-06-01,GU_Central_3,350623
2018-07-01,GU_Central_3,319556
2018-08-01,GU_Central_3,307884
2018-09-01,GU_Central_3,364027
2018-10-01,GU_Central_3,405850
2018-11-01,GU_Central_3,461235
2018-12-01,GU_Central_3,552627
2019-01-01,GU_Central_3,553318
2019-02-01,GU_Central_3,527650
2019-03-01,GU_Central_3,749298
2019-04-01,GU_Central_3,643979
2019-05-01,GU_Central_3,473560
2019-06-01,GU_Central_3,416716
2019-07-01,GU_Central_3,301866
2019-08-01,GU_Central_3,280312
2019-09-01,GU_Central_3,389547
2019-10-01,GU_Central_3,576733
2019-11-01,GU_Central_3,456632
2019-12-01,GU_Central_3,524291
2020-01-01,GU_Central_3,670951
2020-02-01,GU_Central_3,648298
2020-03-01,GU_Central_3,664885
2020-04-01,GU_Central_3,398788
2020-05-01,GU_Central_3,358129
2020-06-01,GU_Central_3,248255
2020-07-01,GU_Central_3,343041
2020-08-01,GU_Central_3,266796
2020-09-01,GU_Central_3,374202
2020-10-01,GU_Central_3,479980
2020-11-01,GU_Central_3,631702
2020-12-01,GU_Central_3,554517
2021-01-01,GU_Central_3,690421
2021-02-01,GU_Central_3,677774
2021-03-01,GU_Central_3,717663
2021-04-01,GU_Central_3,740689
2021-05-01,GU_Central_3,563051
2021-06-01,GU_Central_3,435519
2021-07-01,GU_Central_3,303282
2021-08-01,GU_Central_3,328118
2021-09-01,GU_Central_3,338780
2021-10-01,GU_Central_3,502325
2021-11-01,GU_Central_3,673518
2021-12-01,GU_Central_3,765973
2022-01-01,GU_Central_3,772846
2022-02-01,GU_Central_3,772122
2022-03-01,GU_Central_3,759073
2022-04-01,GU_Central_3,692731
2022-05-01,GU_Central_3,726294
2022-06-01,GU_Central_3,487053
2022-07-01,GU_Central_3,429838
2022-08-01,GU_Central_3,409118
2022-09-01,GU_Central_3,479270
2022-10-01,GU_Central_3,568097
2022-11-01,GU_Central_3,657806
2022-12-01,GU_Central_3,734550
2023-01-01,GU_Central_3,772768
2023-02-01,GU_Central_3,963580
2023-03-01,GU_Central_3,884412
2023-04-01,GU_Central_3,917449
2023-05-01,GU_Central_3,709713
2023-06-01,GU_Central_3,467053
2023-07-01,GU_Central_3,449099
2023-08-01,GU_Central_3,412659
2023-09-01,GU_Central_3,521059
2023-10-01,GU_Central_3,670610
2023-11-01,GU_Central_3,768155
2023-12-01,GU_Central_3,832190
2024-01-01,GU_Central_3,985319
2024-02-01,GU_Central_3,1006909
2024-03-01,GU_Central_3,1159308
2024-04-01,GU_Central_3,973381
2024-05-01,GU_Central_3,900646
2024-06-01,GU_Central_3,617479
2024-07-01,GU_Central_3,489146
2024-08-01,GU_Central_3,431948
2024-09-01,GU_Central_3,581515
2024-10-01,GU_Central_3,779533
2024-11-01,GU_Central_3,1015486
2024-12-01,GU_Central_3,1045313
2025-01-01,GU_Central_3,1147851
2025-02-01,GU_Central_3,1152035
2025-03-01,GU_Central_3,1245143
2025-04-01,GU_Central_3,1175708
2025-05-01,GU_Central_3,956693
2025-06-01,GU_Central_3,682788
2025-07-01,GU_Central_3,524778
2025-08-01,GU_Central_3,647245
2025-09-01,GU_Central_3,708329
2025-10-01,GU_Central_3,922152
2025-11-01,GU_Central_3,939781
2025-12-01,GU_Central_3,1033384
2015-01-01,GU_East_1,381212
2015-02-01,GU_East_1,419337
2015-03-01,GU_East_1,357161
2015-04-01,GU_East_1,407445
2015-05-01,GU_East_1,351299
2015-06-01,GU_East_1,209654
2015-07-01,GU_East_1,202522
2015-08-01,GU_East_1,191121
2015-09-01,GU_East_1,248136
2015-10-01,GU_East_1,287282
2015-11-01,GU_East_1,263280
2015-12-01,GU_East_1,347735
2016-01-01,GU_East_1,464297
2016-02-01,GU_East_1,501492
2016-03-01,GU_East_1,467707
2016-04-01,GU_East_1,538781
2016-05-01,GU_East_1,357184
2016-06-01,GU_East_1,231634
2016-07-01,GU_East_1,242072
2016-08-01,GU_East_1,174783
2016-09-01,GU_East_1,250554
2016-10-01,GU_East_1,288509
2016-11-01,GU_East_1,359151
2016-12-01,GU_East_1,561090
2017-01-01,GU_East_1,523591
2017-02-01,GU_East_1,509903
2017-03-01,GU_East_1,657638
2017-04-01,GU_East_1,485921
2017-05-01,GU_East_1,450237
2017-06-01,GU_East_1,320898
2017-07-01,GU_East_1,292747
2017-08-01,GU_East_1,244921
2017-09-01,GU_East_1,343305
2017-10-01,GU_East_1,343982
2017-11-01,GU_East_1,459905
2017-12-01,GU_East_1,490109
2018-01-01,GU_East_1,663594
2018-02-01,GU_East_1,568300
2018-03-01,GU_East_1,681640
2018-04-01,GU_East_1,617431
2018-05-01,GU_East_1,440467
2018-06-01,GU_East_1,398001
2018-07-01,GU_East_1,303712
2018-08-01,GU_East_1,255351
2018-09-01,GU_East_1,275490
2018-10-01,GU_East_1,409416
2018-11-01,GU_East_1,448705
2018-12-01,GU_East_1,527255
2019-01-01,GU_East_1,633083
2019-02-01,GU_East_1,810651
2019-03-01,GU_East_1,645491
2019-04-01,GU_East_1,695818
2019-05-01,GU_East_1,563674
2019-06-01,GU_East_1,354034
2019-07-01,GU_East_1,296742
2019-08-01,GU_East_1,306422
2019-09-01,GU_East_1,340176
2019-10-01,GU_East_1,473586
2019-11-01,GU_East_1,476213
2019-12-01,GU_East_1,630391
2020-01-01,GU_East_1,757655
2020-02-01,GU_East_1,817884
2020-03-01,GU_East_1,749404
2020-04-01,GU_East_1,405172
2020-05-01,GU_East_1,373271
2020-06-01,GU_East_1,255231
2020-07-01,GU_East_1,263655
2020-08-01,GU_East_1,314963
2020-09-01,GU_East_1,374880
2020-10-01,GU_East_1,539971
2020-11-01,GU_East_1,562106
2020-12-01,GU_East_1,542349
2021-01-01,GU_East_1,681969
2021-02-01,GU_East_1,874523
2021-03-01,GU_East_1,866809
2021-04-01,GU_East_1,765635
2021-05-01,GU_East_1,607601
2021-06-01,GU_East_1,453412
2021-07-01,GU_East_1,312567
2021-08-01,GU_East_1,348483
2021-09-01,GU_East_1,468736
2021-10-01,GU_East_1,517438
2021-11-01,GU_East_1,438816
2021-12-01,GU_East_1,622579
2022-01-01,GU_East_1,762937
2022-02-01,GU_East_1,863640
2022-03-01,GU_East_1,987408
2022-04-01,GU_East_1,855467
2022-05-01,GU_East_1,865687
2022-06-01,GU_East_1,481828
2022-07-01,GU_East_1,394297
2022-08-01,GU_East_1,417108
2022-09-01,GU_East_1,513011
2022-10-01,GU_East_1,637607
2022-11-01,GU_East_1,628678
2022-12-01,GU_East_1,742743
2023-01-01,GU_East_1,881871
2023-02-01,GU_East_1,1009367
2023-03-01,GU_East_1,1235180
2023-04-01,GU_East_1,938893
2023-05-01,GU_East_1,769624
2023-06-01,GU_East_1,538621
2023-07-01,GU_East_1,506210
2023-08-01,GU_East_1,463114
2023-09-01,GU_East_1,486455
2023-10-01,GU_East_1,579712
2023-11-01,GU_East_1,763519
2023-12-01,GU_East_1,891185
2024-01-01,GU_East_1,983601
2024-02-01,GU_East_1,1140303
2024-03-01,GU_East_1,1065006
2024-04-01,GU_East_1,1117388
2024-05-01,GU_East_1,1025396
2024-06-01,GU_East_1,558037
2024-07-01,GU_East_1,480152
2024-08-01,GU_East_1,525093
2024-09-01,GU_East_1,466350
2024-10-01,GU_East_1,822317
2024-11-01,GU_East_1,815746
2024-12-01,GU_East_1,1058956
2025-01-01,GU_East_1,1253899
2025-02-01,GU_East_1,1172207
2025-03-01,GU_East_1,1536552
2025-04-01,GU_East_1,1120153
2025-05-01,GU_East_1,1069022
2025-06-01,GU_East_1,592407
2025-07-01,GU_East_1,611276
2025-08-01,GU_East_1,573950
2025-09-01,GU_East_1,752089
2025-10-01,GU_East_1,773414
2025-11-01,GU_East_1,889418
2025-12-01,GU_East_1,1081252
2015-01-01,GU_East_2,402817
2015-02-01,GU_East_2,447170
2015-03-01,GU_East_2,453581
2015-04-01,GU_East_2,408584
2015-05-01,GU_East_2,313289
2015-06-01,GU_East_2,255169
2015-07-01,GU_East_2,187218
2015-08-01,GU_East_2,145143
2015-09-01,GU_East_2,193520
2015-10-01,GU_East_2,244174
2015-11-01,GU_East_2,346126
2015-12-01,GU_East_2,356458
2016-01-01,GU_East_2,497596
2016-02-01,GU_East_2,456707
2016-03-01,GU_East_2,463744
2016-04-01,GU_East_2,457442
2016-05-01,GU_East_2,379931
2016-06-01,GU_East_2,281817
2016-07-01,GU_East_2,194821
2016-08-01,GU_East_2,252590
2016-09-01,GU_East_2,251359
2016-10-01,GU_East_2,262751
2016-11-01,GU_East_2,382704
2016-12-01,GU_East_2,394943
2017-01-01,GU_East_2,530193
2017-02-01,GU_East_2,573801
2017-03-01,GU_East_2,666657
2017-04-01,GU_East_2,581748
2017-05-01,GU_East_2,376627
2017-06-01,GU_East_2,285763
2017-07-01,GU_East_2,237090
2017-08-01,GU_East_2,266404
2017-09-01,GU_East_2,246371
2017-10-01,GU_East_2,334786
2017-11-01,GU_East_2,367189
2017-12-01,GU_East_2,494447
2018-01-01,GU_East_2,508132
2018-02-01,GU_East_2,702742
2018-03-01,GU_East_2,599352
2018-04-01,GU_East_2,650959
2018-05-01,GU_East_2,507888
2018-06-01,GU_East_2,340111
2018-07-01,GU_East_2,330934
2018-08-01,GU_East_2,272686
2018-09-01,GU_East_2,353803
2018-10-01,GU_East_2,390197
2018-11-01,GU_East_2,486638
2018-12-01,GU_East_2,570923
2019-01-01,GU_East_2,618030
2019-02-01,GU_East_2,823538
2019-03-01,GU_East_2,689266
2019-04-01,GU_East_2,594662
2019-05-01,GU_East_2,514747
2019-06-01,GU_East_2,340910
2019-07-01,GU_East_2,327413
2019-08-01,GU_East_2,281009
2019-09-01,GU_East_2,271777
2019-10-01,GU_East_2,488259
2019-11-01,GU_East_2,505790
2019-12-01,GU_East_2,618741
2020-01-01,GU_East_2,765407
2020-02-01,GU_East_2,662558
2020-03-01,GU_East_2,814871
2020-04-01,GU_East_2,436011
2020-05-01,GU_East_2,423187
2020-06-01,GU_East_2,274063
2020-07-01,GU_East_2,299120
2020-08-01,GU_East_2,241179
2020-09-01,GU_East_2,431852
2020-10-01,GU_East_2,448642
2020-11-01,GU_East_2,475073
2020-12-01,GU_East_2,631002
2021-01-01,GU_East_2,578917
2021-02-01,GU_East_2,819450
2021-03-01,GU_East_2,822045
2021-04-01,GU_East_2,767424
2021-05-01,GU_East_2,625310
2021-06-01,GU_East_2,424599
2021-07-01,GU_East_2,362591
2021-08-01,GU_East_2,372484
2021-09-01,GU_East_2,352074
2021-10-01,GU_East_2,423356
2021-11-01,GU_East_2,646599
2021-12-01,GU_East_2,689801
2022-01-01,GU_East_2,845913
2022-02-01,GU_East_2,866622
2022-03-01,GU_East_2,970284
2022-04-01,GU_East_2,899059
2022-05-01,GU_East_2,728941
2022-06-01,GU_East_2,564005
2022-07-01,GU_East_2,391927
2022-08-01,GU_East_2,357800
2022-09-01,GU_East_2,554637
2022-10-01,GU_East_2,616085
2022-11-01,GU_East_2,613233
2022-12-01,GU_East_2,730457
2023-01-01,GU_East_2,824770
2023-02-01,GU_East_2,891277
2023-03-01,GU_East_2,989060
2023-04-01,GU_East_2,907655
2023-05-01,GU_East_2,845752
2023-06-01,GU_East_2,538388
2023-07-01,GU_East_2,451705
2023-08-01,GU_East_2,409563
2023-09-01,GU_East_2,464048
2023-10-01,GU_East_2,661481
2023-11-01,GU_East_2,666783
2023-12-01,GU_East_2,935951
2024-01-01,GU_East_2,1077686
2024-02-01,GU_East_2,1142796
2024-03-01,GU_East_2,1101833
2024-04-01,GU_East_2,1112986
2024-05-01,GU_East_2,932868
2024-06-01,GU_East_2,566607
2024-07-01,GU_East_2,499739
2024-08-01,GU_East_2,526677
2024-09-01,GU_East_2,546416
2024-10-01,GU_East_2,662168
2024-11-01,GU_East_2,860178
2024-12-01,GU_East_2,902852
2025-01-01,GU_East_2,1087504
2025-02-01,GU_East_2,1183965
2025-03-01,GU_East_2,1447696
2025-04-01,GU_East_2,1206761
2025-05-01,GU_East_2,1009465
2025-06-01,GU_East_2,716127
2025-07-01,GU_East_2,609088
2025-08-01,GU_East_2,535806
2025-09-01,GU_East_2,624194
2025-10-01,GU_East_2,876902
2025-11-01,GU_East_2,920797
2025-12-01,GU_East_2,1020544
2015-01-01,GU_East_3,345732
2015-02-01,GU_East_3,487332
2015-03-01,GU_East_3,466321
2015-04-01,GU_East_3,354102
2015-05-01,GU_East_3,352538
2015-06-01,GU_East_3,229479
2015-07-01,GU_East_3,187662
2015-08-01,GU_East_3,166372
2015-09-01,GU_East_3,181890
2015-10-01,GU_East_3,226366
2015-11-01,GU_East_3,273741
2015-12-01,GU_East_3,365540
2016-01-01,GU_East_3,457007
2016-02-01,GU_East_3,549618
2016-03-01,GU_East_3,491507
2016-04-01,GU_East_3,446344
2016-05-01,GU_East_3,401212
2016-06-01,GU_East_3,244025
2016-07-01,GU_East_3,190017
2016-08-01,GU_East_3,221164
2016-09-01,GU_East_3,214533
2016-10-01,GU_East_3,312854
2016-11-01,GU_East_3,336986
2016-12-01,GU_East_3,447184
2017-01-01,GU_East_3,523153
2017-02-01,GU_East_3,518438
2017-03-01,GU_East_3,602251
2017-04-01,GU_East_3,542002
2017-05-01,GU_East_3,488130
2017-06-01,GU_East_3,299644
2017-07-01,GU_East_3,263178
2017-08-01,GU_East_3,221235
2017-09-01,GU_East_3,283445
2017-10-01,GU_East_3,438811
2017-11-01,GU_East_3,373473
2017-12-01,GU_East_3,541480
2018-01-01,GU_East_3,540010
2018-02-01,GU_East_3,708074
2018-03-01,GU_East_3,676208
2018-04-01,GU_East_3,587474
2018-05-01,GU_East_3,501618
2018-06-01,GU_East_3,369080
2018-07-01,GU_East_3,326622
2018-08-01,GU_East_3,236632
2018-09-01,GU_East_3,304928
2018-10-01,GU_East_3,430334
2018-11-01,GU_East_3,422564
2018-12-01,GU_East_3,528431
2019-01-01,GU_East_3,642993
2019-02-01,GU_East_3,801652
2019-03-01,GU_East_3,768078
2019-04-01,GU_East_3,629602
2019-05-01,GU_East_3,485853
2019-06-01,GU_East_3,372810
2019-07-01,GU_East_3,346115
2019-08-01,GU_East_3,303373
2019-09-01,GU_East_3,359195
2019-10-01,GU_East_3,457041
2019-11-01,GU_East_3,584188
2019-12-01,GU_East_3,530629
2020-01-01,GU_East_3,650876
2020-02-01,GU_East_3,747208
2020-03-01,GU_East_3,664687
2020-04-01,GU_East_3,458859
2020-05-01,GU_East_3,362453
2020-06-01,GU_East_3,285716
2020-07-01,GU_East_3,291837
2020-08-01,GU_East_3,309009
2020-09-01,GU_East_3,375339
2020-10-01,GU_East_3,535659
2020-11-01,GU_East_3,538787
2020-12-01,GU_East_3,671820
2021-01-01,GU_East_3,792579
2021-02-01,GU_East_3,792473
2021-03-01,GU_East_3,734287
2021-04-01,GU_East_3,693357
2021-05-01,GU_East_3,648792
2021-06-01,GU_East_3,457984
2021-07-01,GU_East_3,386780
2021-08-01,GU_East_3,413451
2021-09-01,GU_East_3,357425
2021-10-01,GU_East_3,517917
2021-11-01,GU_East_3,575192
2021-12-01,GU_East_3,639149
2022-01-01,GU_East_3,644546
2022-02-01,GU_East_3,808974
2022-03-01,GU_East_3,888066
2022-04-01,GU_East_3,740240
2022-05-01,GU_East_3,748877
2022-06-01,GU_East_3,576633
2022-07-01,GU_East_3,392485
2022-08-01,GU_East_3,406256
2022-09-01,GU_East_3,471404
2022-10-01,GU_East_3,512280
2022-11-01,GU_East_3,663589
2022-12-01,GU_East_3,668005
2023-01-01,GU_East_3,861322
2023-02-01,GU_East_3,978157
2023-03-01,GU_East_3,987574
2023-04-01,GU_East_3,839348
2023-05-01,GU_East_3,809378
2023-06-01,GU_East_3,520007
2023-07-01,GU_East_3,401273
2023-08-01,GU_East_3,417095
2023-09-01,GU_East_3,528438
2023-10-01,GU_East_3,627876
2023-11-01,GU_East_3,652608
2023-12-01,GU_East_3,876264
2024-01-01,GU_East_3,1085222
2024-02-01,GU_East_3,913065
2024-03-01,GU_East_3,1430875
2024-04-01,GU_East_3,1116340
2024-05-01,GU_East_3,890486
2024-06-01,GU_East_3,642407
2024-07-01,GU_East_3,563442
2024-08-01,GU_East_3,405108
2024-09-01,GU_East_3,604546
2024-10-01,GU_East_3,685667
2024-11-01,GU_East_3,782658
2024-12-01,GU_East_3,962646
2025-01-01,GU_East_3,1138957
2025-02-01,GU_East_3,1289814
2025-03-01,GU_East_3,1463236
2025-04-01,GU_East_3,1153914
2025-05-01,GU_East_3,1037475
2025-06-01,GU_East_3,601178
2025-07-01,GU_East_3,495966
2025-08-01,GU_East_3,508557
2025-09-01,GU_East_3,696025
2025-10-01,GU_East_3,793848
2025-11-01,GU_East_3,902903
2025-12-01,GU_East_3,1119191
2015-01-01,GU_North_1,510181
2015-02-01,GU_North_1,494036
2015-03-01,GU_North_1,520127
2015-04-01,GU_North_1,514401
2015-05-01,GU_North_1,447896
2015-06-01,GU_North_1,303447
2015-07-01,GU_North_1,249043
2015-08-01,GU_North_1,278982
2015-09-01,GU_North_1,346727
2015-10-01,GU_North_1,322101
2015-11-01,GU_North_1,393337
2015-12-01,GU_North_1,433829
2016-01-01,GU_North_1,540946
2016-02-01,GU_North_1,616250
2016-03-01,GU_North_1,557869
2016-04-01,GU_North_1,490352
2016-05-01,GU_North_1,549607
2016-06-01,GU_North_1,356717
2016-07-01,GU_North_1,376188
2016-08-01,GU_North_1,260027
2016-09-01,GU_North_1,336619
2016-10-01,GU_North_1,396135
2016-11-01,GU_North_1,460721
2016-12-01,GU_North_1,503138
2017-01-01,GU_North_1,684605
2017-02-01,GU_North_1,623440
2017-03-01,GU_North_1,764499
2017-04-01,GU_North_1,684003
2017-05-01,GU_North_1,605813
2017-06-01,GU_North_1,383507
2017-07-01,GU_North_1,389376
2017-08-01,GU_North_1,324488
2017-09-01,GU_North_1,396120
2017-10-01,GU_North_1,522247
2017-11-01,GU_North_1,586711
2017-12-01,GU_North_1,668159
2018-01-01,GU_North_1,721537
2018-02-01,GU_North_1,810165
2018-03-01,GU_North_1,889354
2018-04-01,GU_North_1,783482
2018-05-01,GU_North_1,719420
2018-06-01,GU_North_1,455973
2018-07-01,GU_North_1,387888
2018-08-01,GU_North_1,483061
2018-09-01,GU_North_1,453964
2018-10-01,GU_North_1,616359
2018-11-01,GU_North_1,576786
2018-12-01,GU_North_1,621405
2019-01-01,GU_North_1,758713
2019-02-01,GU_North_1,895151
2019-03-01,GU_North_1,928693
2019-04-01,GU_North_1,796771
2019-05-01,GU_North_1,587681
2019-06-01,GU_North_1,517933
2019-07-01,GU_North_1,404746
2019-08-01,GU_North_1,465143
2019-09-01,GU_North_1,484932
2019-10-01,GU_North_1,652382
2019-11-01,GU_North_1,571130
2019-12-01,GU_North_1,808061
2020-01-01,GU_North_1,983558
2020-02-01,GU_North_1,862010
2020-03-01,GU_North_1,879209
2020-04-01,GU_North_1,613987
2020-05-01,GU_North_1,495890
2020-06-01,GU_North_1,366506
2020-07-01,GU_North_1,571601
2020-08-01,GU_North_1,435259
2020-09-01,GU_North_1,531073
2020-10-01,GU_North_1,592088
2020-11-01,GU_North_1,734818
2020-12-01,GU_North_1,802579
2021-01-01,GU_North_1,898783
2021-02-01,GU_North_1,889535
2021-03-01,GU_North_1,967042
2021-04-01,GU_North_1,901682
2021-05-01,GU_North_1,749744
2021-06-01,GU_North_1,505293
2021-07-01,GU_North_1,438462
2021-08-01,GU_North_1,499695
2021-09-01,GU_North_1,557911
2021-10-01,GU_North_1,705326
2021-11-01,GU_North_1,909415
2021-12-01,GU_North_1,953485
2022-01-01,GU_North_1,1020321
2022-02-01,GU_North_1,1000232
2022-03-01,GU_North_1,1232923
2022-04-01,GU_North_1,1046895
2022-05-01,GU_North_1,888399
2022-06-01,GU_North_1,637969
2022-07-01,GU_North_1,491599
2022-08-01,GU_North_1,577507
2022-09-01,GU_North_1,637249
2022-10-01,GU_North_1,727608
2022-11-01,GU_North_1,869201
2022-12-01,GU_North_1,1081050
2023-01-01,GU_North_1,1105242
2023-02-01,GU_North_1,1302764
2023-03-01,GU_North_1,1293918
2023-04-01,GU_North_1,1191072
2023-05-01,GU_North_1,987967
2023-06-01,GU_North_1,642765
2023-07-01,GU_North_1,621582
2023-08-01,GU_North_1,635665
2023-09-01,GU_North_1,654928
2023-10-01,GU_North_1,838311
2023-11-01,GU_North_1,1092060
2023-12-01,GU_North_1,1098165
2024-01-01,GU_North_1,1148497
2024-02-01,GU_North_1,1400860
2024-03-01,GU_North_1,1417848
2024-04-01,GU_North_1,1309601
2024-05-01,GU_North_1,1059149
2024-06-01,GU_North_1,836969
2024-07-01,GU_North_1,764276
2024-08-01,GU_North_1,689073
2024-09-01,GU_North_1,652782
2024-10-01,GU_North_1,1026232
2024-11-01,GU_North_1,1169388
2024-12-01,GU_North_1,1167869
2025-01-01,GU_North_1,1518302
2025-02-01,GU_North_1,1502465
2025-03-01,GU_North_1,1927509
2025-04-01,GU_North_1,1552989
2025-05-01,GU_North_1,1206222
2025-06-01,GU_North_1,920379
2025-07-01,GU_North_1,838283
2025-08-01,GU_North_1,807145
2025-09-01,GU_North_1,883426
2025-10-01,GU_North_1,1167218
2025-11-01,GU_North_1,1295501
2025-12-01,GU_North_1,1390822
2015-01-01,GU_North_2,463563
2015-02-01,GU_North_2,584981
2015-03-01,GU_North_2,580705
2015-04-01,GU_North_2,488631
2015-05-01,GU_North_2,404973
2015-06-01,GU_North_2,333352
2015-07-01,GU_North_2,271936
2015-08-01,GU_North_2,244301
2015-09-01,GU_North_2,303775
2015-10-01,GU_North_2,434468
2015-11-01,GU_North_2,374505
2015-12-01,GU_North_2,447921
2016-01-01,GU_North_2,563707
2016-02-01,GU_North_2,578909
2016-03-01,GU_North_2,560461
2016-04-01,GU_North_2,570229
2016-05-01,GU_North_2,497035
2016-06-01,GU_North_2,346607
2016-07-01,GU_North_2,317492
2016-08-01,GU_North_2,293064
2016-09-01,GU_North_2,411430
2016-10-01,GU_North_2,549328
2016-11-01,GU_North_2,553420
2016-12-01,GU_North_2,555433
2017-01-01,GU_North_2,638650
2017-02-01,GU_North_2,636553
2017-03-01,GU_North_2,702464
2017-04-01,GU_North_2,571066
2017-05-01,GU_North_2,610753
2017-06-01,GU_North_2,398883
2017-07-01,GU_North_2,333471
2017-08-01,GU_North_2,329816
2017-09-01,GU_North_2,345639
2017-10-01,GU_North_2,532192
2017-11-01,GU_North_2,556399
2017-12-01,GU_North_2,691773
2018-01-01,GU_North_2,656664
2018-02-01,GU_North_2,836578
2018-03-01,GU_North_2,849653
2018-04-01,GU_North_2,770041
2018-05-01,GU_North_2,599414
2018-06-01,GU_North_2,423593
2018-07-01,GU_North_2,406528
2018-08-01,GU_North_2,390153
2018-09-01,GU_North_2,452006
2018-10-01,GU_North_2,616710
2018-11-01,GU_North_2,620393
2018-12-01,GU_North_2,665765
2019-01-01,GU_North_2,723935
2019-02-01,GU_North_2,837467
2019-03-01,GU_North_2,805803
2019-04-01,GU_North_2,785537
2019-05-01,GU_North_2,659997
2019-06-01,GU_North_2,516685
2019-07-01,GU_North_2,386410
2019-08-01,GU_North_2,410172
2019-09-01,GU_North_2,516362
2019-10-01,GU_North_2,626378
2019-11-01,GU_North_2,718008
2019-12-01,GU_North_2,706849
2020-01-01,GU_North_2,916495
2020-02-01,GU_North_2,904878
2020-03-01,GU_North_2,933099
2020-04-01,GU_North_2,612382
2020-05-01,GU_North_2,516128
2020-06-01,GU_North_2,347233
2020-07-01,GU_North_2,413764
2020-08-01,GU_North_2,418517
2020-09-01,GU_North_2,488503
2020-10-01,GU_North_2,662596
2020-11-01,GU_North_2,698340
2020-12-01,GU_North_2,851804
2021-01-01,GU_North_2,859589
2021-02-01,GU_North_2,945498
2021-03-01,GU_North_2,986212
2021-04-01,GU_North_2,968374
2021-05-01,GU_North_2,795017
2021-06-01,GU_North_2,537956
2021-07-01,GU_North_2,447225
2021-08-01,GU_North_2,477724
2021-09-01,GU_North_2,557283
2021-10-01,GU_North_2,733260
2021-11-01,GU_North_2,714174
2021-12-01,GU_North_2,895393
2022-01-01,GU_North_2,1061100
2022-02-01,GU_North_2,1040556
2022-03-01,GU_North_2,1077766
2022-04-01,GU_North_2,1064365
2022-05-01,GU_North_2,844026
2022-06-01,GU_North_2,678183
2022-07-01,GU_North_2,494923
2022-08-01,GU_North_2,542433
2022-09-01,GU_North_2,599446
2022-10-01,GU_North_2,793712
2022-11-01,GU_North_2,890058
2022-12-01,GU_North_2,1094977
2023-01-01,GU_North_2,1199169
2023-02-01,GU_North_2,1325884
2023-03-01,GU_North_2,1387649
2023-04-01,GU_North_2,1178916
2023-05-01,GU_North_2,1003311
2023-06-01,GU_North_2,686524
2023-07-01,GU_North_2,532098
2023-08-01,GU_North_2,546967
2023-09-01,GU_North_2,631465
2023-10-01,GU_North_2,703847
2023-11-01,GU_North_2,986120
2023-12-01,GU_North_2,1142554
2024-01-01,GU_North_2,1162770
2024-02-01,GU_North_2,1645099
2024-03-01,GU_North_2,1565135
2024-04-01,GU_North_2,1305926
2024-05-01,GU_North_2,1099857
2024-06-01,GU_North_2,855434
2024-07-01,GU_North_2,726784
2024-08-01,GU_North_2,858689
2024-09-01,GU_North_2,751961
2024-10-01,GU_North_2,925730
2024-11-01,GU_North_2,1054568
2024-12-01,GU_North_2,1219340
2025-01-01,GU_North_2,1481676
2025-02-01,GU_North_2,1478889
2025-03-01,GU_North_2,1669404
2025-04-01,GU_North_2,1164039
2025-05-01,GU_North_2,1307595
2025-06-01,GU_North_2,855747
2025-07-01,GU_North_2,788708
2025-08-01,GU_North_2,775715
2025-09-01,GU_North_2,972401
2025-10-01,GU_North_2,974882
2025-11-01,GU_North_2,1121657
2025-12-01,GU_North_2,1480921
2015-01-01,GU_North_3,478859
2015-02-01,GU_North_3,569850
2015-03-01,GU_North_3,487737
2015-04-01,GU_North_3,570530
2015-05-01,GU_North_3,440414
2015-06-01,GU_North_3,284049
2015-07-01,GU_North_3,235638
2015-08-01,GU_North_3,210291
2015-09-01,GU_North_3,320914
2015-10-01,GU_North_3,352962
2015-11-01,GU_North_3,391692
2015-12-01,GU_North_3,464703
2016-01-01,GU_North_3,526430
2016-02-01,GU_North_3,620810
2016-03-01,GU_North_3,697017
2016-04-01,GU_North_3,522958
2016-05-01,GU_North_3,466537
2016-06-01,GU_North_3,280546
2016-07-01,GU_North_3,249692
2016-08-01,GU_North_3,258387
2016-09-01,GU_North_3,363810
2016-10-01,GU_North_3,465928
2016-11-01,GU_North_3,550752
2016-12-01,GU_North_3,526094
2017-01-01,GU_North_3,667364
2017-02-01,GU_North_3,740506
2017-03-01,GU_North_3,697215
2017-04-01,GU_North_3,729673
2017-05-01,GU_North_3,528913
2017-06-01,GU_North_3,383108
2017-07-01,GU_North_3,327964
2017-08-01,GU_North_3,358385
2017-09-01,GU_North_3,384717
2017-10-01,GU_North_3,516298
2017-11-01,GU_North_3,567013
2017-12-01,GU_North_3,789934
2018-01-01,GU_North_3,820793
2018-02-01,GU_North_3,718564
2018-03-01,GU_North_3,849779
2018-04-01,GU_North_3,781811
2018-05-01,GU_North_3,751027
2018-06-01,GU_North_3,411595
2018-07-01,GU_North_3,392886
2018-08-01,GU_North_3,437979
2018-09-01,GU_North_3,418944
2018-10-01,GU_North_3,611236
2018-11-01,GU_North_3,684758
2018-12-01,GU_North_3,674092
2019-01-01,GU_North_3,786786
2019-02-01,GU_North_3,923485
2019-03-01,GU_North_3,958796
2019-04-01,GU_North_3,724563
2019-05-01,GU_North_3,627393
2019-06-01,GU_North_3,511441
2019-07-01,GU_North_3,468190
2019-08-01,GU_North_3,365949
2019-09-01,GU_North_3,468999
2019-10-01,GU_North_3,663938
2019-11-01,GU_North_3,762069
2019-12-01,GU_North_3,822457
2020-01-01,GU_North_3,843551
2020-02-01,GU_North_3,887330
2020-03-01,GU_North_3,953505
2020-04-01,GU_North_3,567982
2020-05-01,GU_North_3,450434
2020-06-01,GU_North_3,375380
2020-07-01,GU_North_3,403285
2020-08-01,GU_North_3,473456
2020-09-01,GU_North_3,552298
2020-10-01,GU_North_3,674265
2020-11-01,GU_North_3,772991
2020-12-01,GU_North_3,785010
2021-01-01,GU_North_3,822470
2021-02-01,GU_North_3,1103257
2021-03-01,GU_North_3,1047634
2021-04-01,GU_North_3,958688
2021-05-01,GU_North_3,774299
2021-06-01,GU_North_3,578980
2021-07-01,GU_North_3,457617
2021-08-01,GU_North_3,534138
2021-09-01,GU_North_3,504198
2021-10-01,GU_North_3,732579
2021-11-01,GU_North_3,900858
2021-12-01,GU_North_3,903789
2022-01-01,GU_North_3,1018938
2022-02-01,GU_North_3,1113078
2022-03-01,GU_North_3,1111621
2022-04-01,GU_North_3,1101152
2022-05-01,GU_North_3,938550
2022-06-01,GU_North_3,598214
2022-07-01,GU_North_3,487367
2022-08-01,GU_North_3,483197
2022-09-01,GU_North_3,624196
2022-10-01,GU_North_3,831181
2022-11-01,GU_North_3,945436
2022-12-01,GU_North_3,796001
2023-01-01,GU_North_3,1181502
2023-02-01,GU_North_3,1327231
2023-03-01,GU_North_3,1385843
2023-04-01,GU_North_3,1160156
2023-05-01,GU_North_3,1072130
2023-06-01,GU_North_3,774129
2023-07-01,GU_North_3,612880
2023-08-01,GU_North_3,484029
2023-09-01,GU_North_3,706983
2023-10-01,GU_North_3,834268
2023-11-01,GU_North_3,883285
2023-12-01,GU_North_3,1044597
2024-01-01,GU_North_3,1315343
2024-02-01,GU_North_3,1416388
2024-03-01,GU_North_3,1453426
2024-04-01,GU_North_3,1304452
2024-05-01,GU_North_3,1073467
2024-06-01,GU_North_3,928283
2024-07-01,GU_North_3,753442
2024-08-01,GU_North_3,694342
2024-09-01,GU_North_3,764895
2024-10-01,GU_North_3,1035766
2024-11-01,GU_North_3,1000374
2024-12-01,GU_North_3,1222704
2025-01-01,GU_North_3,1625498
2025-02-01,GU_North_3,1521649
2025-03-01,GU_North_3,1671215
2025-04-01,GU_North_3,1731437
2025-05-01,GU_North_3,1226995
2025-06-01,GU_North_3,844069
2025-07-01,GU_North_3,753782
2025-08-01,GU_North_3,740872
2025-09-01,GU_North_3,888593
2025-10-01,GU_North_3,1148841
2025-11-01,GU_North_3,1455682
2025-12-01,GU_North_3,1351469
2015-01-01,GU_South_1,574035
2015-02-01,GU_South_1,579350
2015-03-01,GU_South_1,587662
2015-04-01,GU_South_1,550228
2015-05-01,GU_South_1,439603
2015-06-01,GU_South_1,306600
2015-07-01,GU_South_1,324706
2015-08-01,GU_South_1,239420
2015-09-01,GU_South_1,292146
2015-10-01,GU_South_1,415788
2015-11-01,GU_South_1,488583
2015-12-01,GU_South_1,451908
2016-01-01,GU_South_1,597631
2016-02-01,GU_South_1,641988
2016-03-01,GU_South_1,699566
2016-04-01,GU_South_1,657528
2016-05-01,GU_South_1,523467
2016-06-01,GU_South_1,406969
2016-07-01,GU_South_1,298801
2016-08-01,GU_South_1,268445
2016-09-01,GU_South_1,367663
2016-10-01,GU_South_1,447882
2016-11-01,GU_South_1,634016
2016-12-01,GU_South_1,624317
2017-01-01,GU_South_1,731129
2017-02-01,GU_South_1,823868
2017-03-01,GU_South_1,694285
2017-04-01,GU_South_1,725421
2017-05-01,GU_South_1,484427
2017-06-01,GU_South_1,455272
2017-07-01,GU_South_1,284989
2017-08-01,GU_South_1,398163
2017-09-01,GU_South_1,414857
2017-10-01,GU_South_1,518502
2017-11-01,GU_South_1,502228
2017-12-01,GU_South_1,644330
2018-01-01,GU_South_1,691863
2018-02-01,GU_South_1,822111
2018-03-01,GU_South_1,955025
2018-04-01,GU_South_1,886250
2018-05-01,GU_South_1,627096
2018-06-01,GU_South_1,497236
2018-07-01,GU_South_1,366517
2018-08-01,GU_South_1,420547
2018-09-01,GU_South_1,515968
2018-10-01,GU_South_1,624872
2018-11-01,GU_South_1,639001
2018-12-01,GU_South_1,726096
2019-01-01,GU_South_1,879025
2019-02-01,GU_South_1,922135
2019-03-01,GU_South_1,1037865
2019-04-01,GU_South_1,900155
2019-05-01,GU_South_1,751435
2019-06-01,GU_South_1,542980
2019-07-01,GU_South_1,363135
2019-08-01,GU_South_1,401154
2019-09-01,GU_South_1,589746
2019-10-01,GU_South_1,528668
2019-11-01,GU_South_1,630225
2019-12-01,GU_South_1,753233
2020-01-01,GU_South_1,909365
2020-02-01,GU_South_1,906390
2020-03-01,GU_South_1,1027595
2020-04-01,GU_South_1,630710
2020-05-01,GU_South_1,547899
2020-06-01,GU_South_1,309140
2020-07-01,GU_South_1,434842
2020-08-01,GU_South_1,435499
2020-09-01,GU_South_1,589808
2020-10-01,GU_South_1,514168
2020-11-01,GU_South_1,739884
2020-12-01,GU_South_1,831434
2021-01-01,GU_South_1,975205
2021-02-01,GU_South_1,984800
2021-03-01,GU_South_1,1174331
2021-04-01,GU_South_1,996637
2021-05-01,GU_South_1,932554
2021-06-01,GU_South_1,646657
2021-07-01,GU_South_1,441036
2021-08-01,GU_South_1,505169
2021-09-01,GU_South_1,591663
2021-10-01,GU_South_1,768961
2021-11-01,GU_South_1,878935
2021-12-01,GU_South_1,969190
2022-01-01,GU_South_1,1097356
2022-02-01,GU_South_1,1272585
2022-03-01,GU_South_1,1140877
2022-04-01,GU_South_1,968257
2022-05-01,GU_South_1,1085922
2022-06-01,GU_South_1,611336
2022-07-01,GU_South_1,516164
2022-08-01,GU_South_1,480604
2022-09-01,GU_South_1,671146
2022-10-01,GU_South_1,887898
2022-11-01,GU_South_1,909919
2022-12-01,GU_South_1,1107790
2023-01-01,GU_South_1,1082166
2023-02-01,GU_South_1,1194039
2023-03-01,GU_South_1,1466189
2023-04-01,GU_South_1,1052769
2023-05-01,GU_South_1,1042228
2023-06-01,GU_South_1,781488
2023-07-01,GU_South_1,550519
2023-08-01,GU_South_1,593521
2023-09-01,GU_South_1,750130
2023-10-01,GU_South_1,961510
2023-11-01,GU_South_1,879697
2023-12-01,GU_South_1,1248457
2024-01-01,GU_South_1,1627996
2024-02-01,GU_South_1,1496037
2024-03-01,GU_South_1,1614952
2024-04-01,GU_South_1,1345675
2024-05-01,GU_South_1,1176680
2024-06-01,GU_South_1,800643
2024-07-01,GU_South_1,681036
2024-08-01,GU_South_1,632477
2024-09-01,GU_South_1,903888
2024-10-01,GU_South_1,1026933
2024-11-01,GU_South_1,1062518
2024-12-01,GU_South_1,1241952
2025-01-01,GU_South_1,1427754
2025-02-01,GU_South_1,1697550
2025-03-01,GU_South_1,1685430
2025-04-01,GU_South_1,1680205
2025-05-01,GU_South_1,1351463
2025-06-01,GU_South_1,926370
2025-07-01,GU_South_1,804859
2025-08-01,GU_South_1,643062
2025-09-01,GU_South_1,951771
2025-10-01,GU_South_1,1010354
2025-11-01,GU_South_1,1418468
2025-12-01,GU_South_1,1377786
2015-01-01,GU_South_2,611554
2015-02-01,GU_South_2,571839
2015-03-01,GU_South_2,537146
2015-04-01,GU_South_2,524655
2015-05-01,GU_South_2,458151
2015-06-01,GU_South_2,295656
2015-07-01,GU_South_2,239384
2015-08-01,GU_South_2,250657
2015-09-01,GU_South_2,334258
2015-10-01,GU_South_2,368329
2015-11-01,GU_South_2,448894
2015-12-01,GU_South_2,518435
2016-01-01,GU_South_2,630685
2016-02-01,GU_South_2,670885
2016-03-01,GU_South_2,721322
2016-04-01,GU_South_2,587770
2016-05-01,GU_South_2,537773
2016-06-01,GU_South_2,379884
2016-07-01,GU_South_2,302277
2016-08-01,GU_South_2,304645
2016-09-01,GU_South_2,298767
2016-10-01,GU_South_2,426402
2016-11-01,GU_South_2,455202
2016-12-01,GU_South_2,578496
2017-01-01,GU_South_2,647834
2017-02-01,GU_South_2,708319
2017-03-01,GU_South_2,853148
2017-04-01,GU_South_2,634407
2017-05-01,GU_South_2,574157
2017-06-01,GU_South_2,407670
2017-07-01,GU_South_2,424133
2017-08-01,GU_South_2,381114
2017-09-01,GU_South_2,328048
2017-10-01,GU_South_2,487743
2017-11-01,GU_South_2,560236
2017-12-01,GU_South_2,633518
2018-01-01,GU_South_2,798411
2018-02-01,GU_South_2,825660
2018-03-01,GU_South_2,894519
2018-04-01,GU_South_2,733341
2018-05-01,GU_South_2,795652
2018-06-01,GU_South_2,487804
2018-07-01,GU_South_2,435628
2018-08-01,GU_South_2,423463
2018-09-01,GU_South_2,379538
2018-10-01,GU_South_2,433656
2018-11-01,GU_South_2,688712
2018-12-01,GU_South_2,738302
2019-01-01,GU_South_2,932639
2019-02-01,GU_South_2,865275
2019-03-01,GU_South_2,943366
2019-04-01,GU_South_2,1036586
2019-05-01,GU_South_2,644613
2019-06-01,GU_South_2,532928
2019-07-01,GU_South_2,437559
2019-08-01,GU_South_2,371127
2019-09-01,GU_South_2,537116
2019-10-01,GU_South_2,546639
2019-11-01,GU_South_2,677157
2019-12-01,GU_South_2,794826
2020-01-01,GU_South_2,791316
2020-02-01,GU_South_2,962336
2020-03-01,GU_South_2,968888
2020-04-01,GU_South_2,656183
2020-05-01,GU_South_2,614600
2020-06-01,GU_South_2,378904
2020-07-01,GU_South_2,418819
2020-08-01,GU_South_2,417693
2020-09-01,GU_South_2,607622
2020-10-01,GU_South_2,622791
2020-11-01,GU_South_2,756838
2020-12-01,GU_South_2,752971
2021-01-01,GU_South_2,885182
2021-02-01,GU_South_2,1109666
2021-03-01,GU_South_2,1133739
2021-04-01,GU_South_2,927461
2021-05-01,GU_South_2,903452
2021-06-01,GU_South_2,559130
2021-07-01,GU_South_2,436528
2021-08-01,GU_South_2,493827
2021-09-01,GU_South_2,577363
2021-10-01,GU_South_2,661642
2021-11-01,GU_South_2,792499
2021-12-01,GU_South_2,934190
2022-01-01,GU_South_2,936941
2022-02-01,GU_South_2,1267570
2022-03-01,GU_South_2,1174798
2022-04-01,GU_South_2,1085741
2022-05-01,GU_South_2,1126391
2022-06-01,GU_South_2,681874
2022-07-01,GU_South_2,599790
2022-08-01,GU_South_2,464139
2022-09-01,GU_South_2,557639
2022-10-01,GU_South_2,881059
2022-11-01,GU_South_2,911754
2022-12-01,GU_South_2,930955
2023-01-01,GU_South_2,1203150
2023-02-01,GU_South_2,1304946
2023-03-01,GU_South_2,1418015
2023-04-01,GU_South_2,1135728
2023-05-01,GU_South_2,1046323
2023-06-01,GU_South_2,780949
2023-07-01,GU_South_2,609779
2023-08-01,GU_South_2,594089
2023-09-01,GU_South_2,614111
2023-10-01,GU_South_2,735765
2023-11-01,GU_South_2,1105992
2023-12-01,GU_South_2,1098052
2024-01-01,GU_South_2,1359697
2024-02-01,GU_South_2,1490429
2024-03-01,GU_South_2,1592591
2024-04-01,GU_South_2,1426532
2024-05-01,GU_South_2,1281414
2024-06-01,GU_South_2,819512
2024-07-01,GU_South_2,623226
2024-08-01,GU_South_2,626788
2024-09-01,GU_South_2,787205
2024-10-01,GU_South_2,997559
2024-11-01,GU_South_2,1162211
2024-12-01,GU_South_2,1334247
2025-01-01,GU_South_2,1475071
2025-02-01,GU_South_2,1558115
2025-03-01,GU_South_2,1800794
2025-04-01,GU_South_2,1837309
2025-05-01,GU_South_2,1227770
2025-06-01,GU_South_2,867783
2025-07-01,GU_South_2,814077
2025-08-01,GU_South_2,733786
2025-09-01,GU_South_2,837653
2025-10-01,GU_South_2,1011945
2025-11-01,GU_South_2,1205704
2025-12-01,GU_South_2,1456034
2015-01-01,GU_South_3,460342
2015-02-01,GU_South_3,529750
2015-03-01,GU_South_3,623740
2015-04-01,GU_South_3,567075
2015-05-01,GU_South_3,343992
2015-06-01,GU_South_3,298270
2015-07-01,GU_South_3,241396
2015-08-01,GU_South_3,285216
2015-09-01,GU_South_3,280280
2015-10-01,GU_South_3,401044
2015-11-01,GU_South_3,484904
2015-12-01,GU_South_3,444639
2016-01-01,GU_South_3,618783
2016-02-01,GU_South_3,671033
2016-03-01,GU_South_3,753449
2016-04-01,GU_South_3,632402
2016-05-01,GU_South_3,573784
2016-06-01,GU_South_3,373593
2016-07-01,GU_South_3,317737
2016-08-01,GU_South_3,275711
2016-09-01,GU_South_3,323293
2016-10-01,GU_South_3,487636
2016-11-01,GU_South_3,498279
2016-12-01,GU_South_3,513045
2017-01-01,GU_South_3,630009
2017-02-01,GU_South_3,843475
2017-03-01,GU_South_3,706399
2017-04-01,GU_South_3,711302
2017-05-01,GU_South_3,635129
2017-06-01,GU_South_3,503638
2017-07-01,GU_South_3,362232
2017-08-01,GU_South_3,359465
2017-09-01,GU_South_3,377787
2017-10-01,GU_South_3,484311
2017-11-01,GU_South_3,604230
2017-12-01,GU_South_3,689411
2018-01-01,GU_South_3,711940
2018-02-01,GU_South_3,818761
2018-03-01,GU_South_3,821820
2018-04-01,GU_South_3,861525
2018-05-01,GU_South_3,744890
2018-06-01,GU_South_3,518673
2018-07-01,GU_South_3,453002
2018-08-01,GU_South_3,384889
2018-09-01,GU_South_3,424441
2018-10-01,GU_South_3,629460
2018-11-01,GU_South_3,727299
2018-12-01,GU_South_3,789681
2019-01-01,GU_South_3,844166
2019-02-01,GU_South_3,962057
2019-03-01,GU_South_3,924402
2019-04-01,GU_South_3,780216
2019-05-01,GU_South_3,765375
2019-06-01,GU_South_3,446170
2019-07-01,GU_South_3,413760
2019-08-01,GU_South_3,467155
2019-09-01,GU_South_3,518519
2019-10-01,GU_South_3,616778
2019-11-01,GU_South_3,640078
2019-12-01,GU_South_3,782901
2020-01-01,GU_South_3,871030
2020-02-01,GU_South_3,968045
2020-03-01,GU_South_3,883572
2020-04-01,GU_South_3,660319
2020-05-01,GU_South_3,499452
2020-06-01,GU_South_3,320097
2020-07-01,GU_South_3,454489
2020-08-01,GU_South_3,462591
2020-09-01,GU_South_3,489745
2020-10-01,GU_South_3,637148
2020-11-01,GU_South_3,775204
2020-12-01,GU_South_3,777765
2021-01-01,GU_South_3,1146397
2021-02-01,GU_South_3,1113486
2021-03-01,GU_South_3,1060020
2021-04-01,GU_South_3,1095094
2021-05-01,GU_South_3,832134
2021-06-01,GU_South_3,643360
2021-07-01,GU_South_3,446329
2021-08-01,GU_South_3,414898
2021-09-01,GU_South_3,571539
2021-10-01,GU_South_3,656309
2021-11-01,GU_South_3,758183
2021-12-01,GU_South_3,939323
2022-01-01,GU_South_3,1015071
2022-02-01,GU_South_3,1040213
2022-03-01,GU_South_3,1210033
2022-04-01,GU_South_3,1268054
2022-05-01,GU_South_3,937454
2022-06-01,GU_South_3,702516
2022-07-01,GU_South_3,590286
2022-08-01,GU_South_3,529957
2022-09-01,GU_South_3,554213
2022-10-01,GU_South_3,859104
2022-11-01,GU_South_3,1037721
2022-12-01,GU_South_3,890121
2023-01-01,GU_South_3,1193682
2023-02-01,GU_South_3,1397646
2023-03-01,GU_South_3,1454171
2023-04-01,GU_South_3,1180668
2023-05-01,GU_South_3,1085744
2023-06-01,GU_South_3,675782
2023-07-01,GU_South_3,610680
2023-08-01,GU_South_3,690611
2023-09-01,GU_South_3,638990
2023-10-01,GU_South_3,906076
2023-11-01,GU_South_3,801436
2023-12-01,GU_South_3,1159190
2024-01-01,GU_South_3,1630669
2024-02-01,GU_South_3,1488957
2024-03-01,GU_South_3,1442862
2024-04-01,GU_South_3,1624242
2024-05-01,GU_South_3,1236519
2024-06-01,GU_South_3,882859
2024-07-01,GU_South_3,683472
2024-08-01,GU_South_3,589696
2024-09-01,GU_South_3,810443
2024-10-01,GU_South_3,1076534
2024-11-01,GU_South_3,1204742
2024-12-01,GU_South_3,1422253
2025-01-01,GU_South_3,1414614
2025-02-01,GU_South_3,1624510
2025-03-01,GU_South_3,1590322
2025-04-01,GU_South_3,1622963
2025-05-01,GU_South_3,1285558
2025-06-01,GU_South_3,925484
2025-07-01,GU_South_3,782867
2025-08-01,GU_South_3,656461
2025-09-01,GU_South_3,967243
2025-10-01,GU_South_3,1066629
2025-11-01,GU_South_3,1310586
2025-12-01,GU_South_3,1533997
2015-01-01,GU_West_1,376770
2015-02-01,GU_West_1,396123
2015-03-01,GU_West_1,348952
2015-04-01,GU_West_1,337048
2015-05-01,GU_West_1,348611
2015-06-01,GU_West_1,205745
2015-07-01,GU_West_1,162160
2015-08-01,GU_West_1,230712
2015-09-01,GU_West_1,216532
2015-10-01,GU_West_1,341584
2015-11-01,GU_West_1,319579
2015-12-01,GU_West_1,394766
2016-01-01,GU_West_1,424016
2016-02-01,GU_West_1,430768
2016-03-01,GU_West_1,516686
2016-04-01,GU_West_1,477705
2016-05-01,GU_West_1,347124
2016-06-01,GU_West_1,290460
2016-07-01,GU_West_1,279014
2016-08-01,GU_West_1,247421
2016-09-01,GU_West_1,338448
2016-10-01,GU_West_1,359920
2016-11-01,GU_West_1,469549
2016-12-01,GU_West_1,500470
2017-01-01,GU_West_1,538878
2017-02-01,GU_West_1,519957
2017-03-01,GU_West_1,631595
2017-04-01,GU_West_1,540882
2017-05-01,GU_West_1,468529
2017-06-01,GU_West_1,305050
2017-07-01,GU_West_1,266385
2017-08-01,GU_West_1,266914
2017-09-01,GU_West_1,325769
2017-10-01,GU_West_1,456629
2017-11-01,GU_West_1,445801
2017-12-01,GU_West_1,458435
2018-01-01,GU_West_1,593357
2018-02-01,GU_West_1,501276
2018-03-01,GU_West_1,673293
2018-04-01,GU_West_1,656481
2018-05-01,GU_West_1,494326
2018-06-01,GU_West_1,414668
2018-07-01,GU_West_1,293761
2018-08-01,GU_West_1,339456
2018-09-01,GU_West_1,361257
2018-10-01,GU_West_1,441258
2018-11-01,GU_West_1,544977
2018-12-01,GU_West_1,550253
2019-01-01,GU_West_1,578596
2019-02-01,GU_West_1,554171
2019-03-01,GU_West_1,700751
2019-04-01,GU_West_1,673683
2019-05-01,GU_West_1,531052
2019-06-01,GU_West_1,396673
2019-07-01,GU_West_1,357948
2019-08-01,GU_West_1,414287
2019-09-01,GU_West_1,361204
2019-10-01,GU_West_1,480629
2019-11-01,GU_West_1,594803
2019-12-01,GU_West_1,655859
2020-01-01,GU_West_1,645422
2020-02-01,GU_West_1,865712
2020-03-01,GU_West_1,821161
2020-04-01,GU_West_1,495558
2020-05-01,GU_West_1,417892
2020-06-01,GU_West_1,307974
2020-07-01,GU_West_1,371759
2020-08-01,GU_West_1,301386
2020-09-01,GU_West_1,401007
2020-10-01,GU_West_1,571524
2020-11-01,GU_West_1,513643
2020-12-01,GU_West_1,614775
2021-01-01,GU_West_1,738807
2021-02-01,GU_West_1,791572
2021-03-01,GU_West_1,784335
2021-04-01,GU_West_1,728858
2021-05-01,GU_West_1,621287
2021-06-01,GU_West_1,430088
2021-07-01,GU_West_1,320259
2021-08-01,GU_West_1,348260
2021-09-01,GU_West_1,471899
2021-10-01,GU_West_1,613631
2021-11-01,GU_West_1,626334
2021-12-01,GU_West_1,755037
2022-01-01,GU_West_1,722626
2022-02-01,GU_West_1,877414
2022-03-01,GU_West_1,1023182
2022-04-01,GU_West_1,857360
2022-05-01,GU_West_1,791730
2022-06-01,GU_West_1,528538
2022-07-01,GU_West_1,473049
2022-08-01,GU_West_1,361632
2022-09-01,GU_West_1,539109
2022-10-01,GU_West_1,609991
2022-11-01,GU_West_1,757057
2022-12-01,GU_West_1,862023
2023-01-01,GU_West_1,959590
2023-02-01,GU_West_1,1050142
2023-03-01,GU_West_1,966525
2023-04-01,GU_West_1,971041
2023-05-01,GU_West_1,837565
2023-06-01,GU_West_1,626747
2023-07-01,GU_West_1,495237
2023-08-01,GU_West_1,531742
2023-09-01,GU_West_1,545788
2023-10-01,GU_West_1,816587
2023-11-01,GU_West_1,823166
2023-12-01,GU_West_1,835801
2024-01-01,GU_West_1,1049474
2024-02-01,GU_West_1,1154256
2024-03-01,GU_West_1,1167235
2024-04-01,GU_West_1,997860
2024-05-01,GU_West_1,913245
2024-06-01,GU_West_1,689884
2024-07-01,GU_West_1,476328
2024-08-01,GU_West_1,504409
2024-09-01,GU_West_1,643459
2024-10-01,GU_West_1,894729
2024-11-01,GU_West_1,992178
2024-12-01,GU_West_1,997523
2025-01-01,GU_West_1,1089347
2025-02-01,GU_West_1,1381929
2025-03-01,GU_West_1,1331926
2025-04-01,GU_West_1,1286252
2025-05-01,GU_West_1,904562
2025-06-01,GU_West_1,752344
2025-07-01,GU_West_1,582524
2025-08-01,GU_West_1,570507
2025-09-01,GU_West_1,681717
2025-10-01,GU_West_1,920279
2025-11-01,GU_West_1,957109
2025-12-01,GU_West_1,1237208
2015-01-01,GU_West_2,424913
2015-02-01,GU_West_2,393433
2015-03-01,GU_West_2,401687
2015-04-01,GU_West_2,330683
2015-05-01,GU_West_2,376982
2015-06-01,GU_West_2,305611
2015-07-01,GU_West_2,211784
2015-08-01,GU_West_2,195443
2015-09-01,GU_West_2,214850
2015-10-01,GU_West_2,308239
2015-11-01,GU_West_2,349507
2015-12-01,GU_West_2,403791
2016-01-01,GU_West_2,414935
2016-02-01,GU_West_2,518821
2016-03-01,GU_West_2,520244
2016-04-01,GU_West_2,466717
2016-05-01,GU_West_2,421212
2016-06-01,GU_West_2,237304
2016-07-01,GU_West_2,248889
2016-08-01,GU_West_2,242485
2016-09-01,GU_West_2,268929
2016-10-01,GU_West_2,396362
2016-11-01,GU_West_2,385794
2016-12-01,GU_West_2,451092
2017-01-01,GU_West_2,540795
2017-02-01,GU_West_2,554451
2017-03-01,GU_West_2,529220
2017-04-01,GU_West_2,466403
2017-05-01,GU_West_2,504083
2017-06-01,GU_West_2,341107
2017-07-01,GU_West_2,258058
2017-08-01,GU_West_2,266034
2017-09-01,GU_West_2,342735
2017-10-01,GU_West_2,384287
2017-11-01,GU_West_2,430107
2017-12-01,GU_West_2,519063
2018-01-01,GU_West_2,558298
2018-02-01,GU_West_2,590537
2018-03-01,GU_West_2,676649
2018-04-01,GU_West_2,615624
2018-05-01,GU_West_2,434223
2018-06-01,GU_West_2,386605
2018-07-01,GU_West_2,359819
2018-08-01,GU_West_2,318319
2018-09-01,GU_West_2,424791
2018-10-01,GU_West_2,476084
2018-11-01,GU_West_2,491700
2018-12-01,GU_West_2,618568
2019-01-01,GU_West_2,620574
2019-02-01,GU_West_2,618310
2019-03-01,GU_West_2,777629
2019-04-01,GU_West_2,741075
2019-05-01,GU_West_2,556825
2019-06-01,GU_West_2,382383
2019-07-01,GU_West_2,308792
2019-08-01,GU_West_2,352867
2019-09-01,GU_West_2,387341
2019-10-01,GU_West_2,505050
2019-11-01,GU_West_2,594676
2019-12-01,GU_West_2,665722
2020-01-01,GU_West_2,726921
2020-02-01,GU_West_2,749670
2020-03-01,GU_West_2,752176
2020-04-01,GU_West_2,394977
2020-05-01,GU_West_2,395062
2020-06-01,GU_West_2,350589
2020-07-01,GU_West_2,327651
2020-08-01,GU_West_2,407742
2020-09-01,GU_West_2,469502
2020-10-01,GU_West_2,577530
2020-11-01,GU_West_2,644421
2020-12-01,GU_West_2,673487
2021-01-01,GU_West_2,797090
2021-02-01,GU_West_2,898151
2021-03-01,GU_West_2,925052
2021-04-01,GU_West_2,711030
2021-05-01,GU_West_2,538577
2021-06-01,GU_West_2,432311
2021-07-01,GU_West_2,399923
2021-08-01,GU_West_2,383323
2021-09-01,GU_West_2,534785
2021-10-01,GU_West_2,581146
2021-11-01,GU_West_2,667155
2021-12-01,GU_West_2,727552
2022-01-01,GU_West_2,713194
2022-02-01,GU_West_2,832200
2022-03-01,GU_West_2,887225
2022-04-01,GU_West_2,793188
2022-05-01,GU_West_2,770623
2022-06-01,GU_West_2,488057
2022-07-01,GU_West_2,383011
2022-08-01,GU_West_2,407992
2022-09-01,GU_West_2,495727
2022-10-01,GU_West_2,623984
2022-11-01,GU_West_2,818338
2022-12-01,GU_West_2,780218
2023-01-01,GU_West_2,1059112
2023-02-01,GU_West_2,1123678
2023-03-01,GU_West_2,1024424
2023-04-01,GU_West_2,920028
2023-05-01,GU_West_2,805194
2023-06-01,GU_West_2,605929
2023-07-01,GU_West_2,434897
2023-08-01,GU_West_2,484674
2023-09-01,GU_West_2,445352
2023-10-01,GU_West_2,670583
2023-11-01,GU_West_2,769197
2023-12-01,GU_West_2,936788
2024-01-01,GU_West_2,1028349
2024-02-01,GU_West_2,1011966
2024-03-01,GU_West_2,1183818
2024-04-01,GU_West_2,987085
2024-05-01,GU_West_2,941878
2024-06-01,GU_West_2,661987
2024-07-01,GU_West_2,617920
2024-08-01,GU_West_2,506531
2024-09-01,GU_West_2,596270
2024-10-01,GU_West_2,830966
2024-11-01,GU_West_2,829370
2024-12-01,GU_West_2,952541
2025-01-01,GU_West_2,1103628
2025-02-01,GU_West_2,1240650
2025-03-01,GU_West_2,1333729
2025-04-01,GU_West_2,1196840
2025-05-01,GU_West_2,927679
2025-06-01,GU_West_2,638258
2025-07-01,GU_West_2,664624
2025-08-01,GU_West_2,596541
2025-09-01,GU_West_2,630872
2025-10-01,GU_West_2,817817
2025-11-01,GU_West_2,1091405
2025-12-01,GU_West_2,1103984
2015-01-01,GU_West_3,413513
2015-02-01,GU_West_3,454467
2015-03-01,GU_West_3,398732
2015-04-01,GU_West_3,390487
2015-05-01,GU_West_3,338844
2015-06-01,GU_West_3,221505
2015-07-01,GU_West_3,230433
2015-08-01,GU_West_3,191489
2015-09-01,GU_West_3,259184
2015-10-01,GU_West_3,310259
2015-11-01,GU_West_3,386613
2015-12-01,GU_West_3,333602
2016-01-01,GU_West_3,485202
2016-02-01,GU_West_3,504535
2016-03-01,GU_West_3,488485
2016-04-01,GU_West_3,473726
2016-05-01,GU_West_3,415883
2016-06-01,GU_West_3,284839
2016-07-01,GU_West_3,241830
2016-08-01,GU_West_3,219599
2016-09-01,GU_West_3,337985
2016-10-01,GU_West_3,395523
2016-11-01,GU_West_3,406479
2016-12-01,GU_West_3,403715
2017-01-01,GU_West_3,545191
2017-02-01,GU_West_3,562578
2017-03-01,GU_West_3,518647
2017-04-01,GU_West_3,506265
2017-05-01,GU_West_3,502344
2017-06-01,GU_West_3,326844
2017-07-01,GU_West_3,294041
2017-08-01,GU_West_3,287285
2017-09-01,GU_West_3,346352
2017-10-01,GU_West_3,372971
2017-11-01,GU_West_3,466296
2017-12-01,GU_West_3,518105
2018-01-01,GU_West_3,568624
2018-02-01,GU_West_3,678198
2018-03-01,GU_West_3,654309
2018-04-01,GU_West_3,613910
2018-05-01,GU_West_3,528790
2018-06-01,GU_West_3,349120
2018-07-01,GU_West_3,278827
2018-08-01,GU_West_3,309702
2018-09-01,GU_West_3,379767
2018-10-01,GU_West_3,489223
2018-11-01,GU_West_3,490695
2018-12-01,GU_West_3,583220
2019-01-01,GU_West_3,621769
2019-02-01,GU_West_3,765625
2019-03-01,GU_West_3,800664
2019-04-01,GU_West_3,622524
2019-05-01,GU_West_3,533944
2019-06-01,GU_West_3,342452
2019-07-01,GU_West_3,364428
2019-08-01,GU_West_3,323747
2019-09-01,GU_West_3,363449
2019-10-01,GU_West_3,475193
2019-11-01,GU_West_3,561832
2019-12-01,GU_West_3,563945
2020-01-01,GU_West_3,580327
2020-02-01,GU_West_3,645388
2020-03-01,GU_West_3,813251
2020-04-01,GU_West_3,425979
2020-05-01,GU_West_3,379091
2020-06-01,GU_West_3,317288
2020-07-01,GU_West_3,402713
2020-08-01,GU_West_3,367921
2020-09-01,GU_West_3,423056
2020-10-01,GU_West_3,555396
2020-11-01,GU_West_3,570920
2020-12-01,GU_West_3,677597
2021-01-01,GU_West_3,671598
2021-02-01,GU_West_3,764230
2021-03-01,GU_West_3,836019
2021-04-01,GU_West_3,621081
2021-05-01,GU_West_3,606747
2021-06-01,GU_West_3,471687
2021-07-01,GU_West_3,474252
2021-08-01,GU_West_3,423455
2021-09-01,GU_West_3,477318
2021-10-01,GU_West_3,545377
2021-11-01,GU_West_3,703199
2021-12-01,GU_West_3,709415
2022-01-01,GU_West_3,805033
2022-02-01,GU_West_3,928155
2022-03-01,GU_West_3,948516
2022-04-01,GU_West_3,822506
2022-05-01,GU_West_3,746840
2022-06-01,GU_West_3,512081
2022-07-01,GU_West_3,536298
2022-08-01,GU_West_3,407565
2022-09-01,GU_West_3,538481
2022-10-01,GU_West_3,690006
2022-11-01,GU_West_3,667424
2022-12-01,GU_West_3,779258
2023-01-01,GU_West_3,958499
2023-02-01,GU_West_3,925606
2023-03-01,GU_West_3,909986
2023-04-01,GU_West_3,891780
2023-05-01,GU_West_3,789641
2023-06-01,GU_West_3,574203
2023-07-01,GU_West_3,553564
2023-08-01,GU_West_3,475368
2023-09-01,GU_West_3,702655
2023-10-01,GU_West_3,794517
2023-11-01,GU_West_3,761510
2023-12-01,GU_West_3,773530
2024-01-01,GU_West_3,930911
2024-02-01,GU_West_3,1139772
2024-03-01,GU_West_3,1233197
2024-04-01,GU_West_3,1103940
2024-05-01,GU_West_3,773182
2024-06-01,GU_West_3,707999
2024-07-01,GU_West_3,567783
2024-08-01,GU_West_3,568807
2024-09-01,GU_West_3,675617
2024-10-01,GU_West_3,934956
2024-11-01,GU_West_3,1061590
2024-12-01,GU_West_3,1025248
2025-01-01,GU_West_3,1059244
2025-02-01,GU_West_3,1331330
2025-03-01,GU_West_3,1202629
2025-04-01,GU_West_3,1341439
2025-05-01,GU_West_3,984469
2025-06-01,GU_West_3,649506
2025-07-01,GU_West_3,610093
2025-08-01,GU_West_3,578416
2025-09-01,GU_West_3,773639
2025-10-01,GU_West_3,841337
2025-11-01,GU_West_3,1108028
2025-12-01,GU_West_3,1146348
