date,iu_id,capacity_mt
2015-01-01,IU_Central_1,504203
2015-02-01,IU_Central_1,616134
2015-03-01,IU_Central_1,539060
2015-04-01,IU_Central_1,542049
2015-05-01,IU_Central_1,504509
2015-06-01,IU_Central_1,307019
2015-07-01,IU_Central_1,230181
2015-08-01,IU_Central_1,244159
2015-09-01,IU_Central_1,280777
2015-10-01,IU_Central_1,395147
2015-11-01,IU_Central_1,468658
2015-12-01,IU_Central_1,441250
2016-01-01,IU_Central_1,589115
2016-02-01,IU_Central_1,578267
2016-03-01,IU_Central_1,536847
2016-04-01,IU_Central_1,707535
2016-05-01,IU_Central_1,578269
2016-06-01,IU_Central_1,338058
2016-07-01,IU_Central_1,247846
2016-08-01,IU_Central_1,289368
2016-09-01,IU_Central_1,402683
2016-10-01,IU_Central_1,434585
2016-11-01,IU_Central_1,590638
2016-12-01,IU_Central_1,552503
2017-01-01,IU_Central_1,801713
2017-02-01,IU_Central_1,846508
2017-03-01,IU_Central_1,806064
2017-04-01,IU_Central_1,614171
2017-05-01,IU_Central_1,518145
2017-06-01,IU_Central_1,391716
2017-07-01,IU_Central_1,268842
2017-08-01,IU_Central_1,342767
2017-09-01,IU_Central_1,423481
2017-10-01,IU_Central_1,559138
2017-11-01,IU_Central_1,613843
2017-12-01,IU_Central_1,639108
2018-01-01,IU_Central_1,867412
2018-02-01,IU_Central_1,600776
2018-03-01,IU_Central_1,851485
2018-04-01,IU_Central_1,773963
2018-05-01,IU_Central_1,785667
2018-06-01,IU_Central_1,522406
2018-07-01,IU_Central_1,367723
2018-08-01,IU_Central_1,334184
2018-09-01,IU_Central_1,447844
2018-10-01,IU_Central_1,587163
2018-11-01,IU_Central_1,674082
2018-12-01,IU_Central_1,807708
2019-01-01,IU_Central_1,866543
2019-02-01,IU_Central_1,925434
2019-03-01,IU_Central_1,1047498
2019-04-01,IU_Central_1,711181
2019-05-01,IU_Central_1,770326
2019-06-01,IU_Central_1,498684
2019-07-01,IU_Central_1,359391
2019-08-01,IU_Central_1,372190
2019-09-01,IU_Central_1,497526
2019-10-01,IU_Central_1,616123
2019-11-01,IU_Central_1,669386
2019-12-01,IU_Central_1,926749
2020-01-01,IU_Central_1,826912
2020-02-01,IU_Central_1,991428
2020-03-01,IU_Central_1,1085801
2020-04-01,IU_Central_1,123679
2020-05-01,IU_Central_1,492456
2020-06-01,IU_Central_1,358876
2020-07-01,IU_Central_1,372453
2020-08-01,IU_Central_1,358670
2020-09-01,IU_Central_1,567777
2020-10-01,IU_Central_1,730799
2020-11-01,IU_Central_1,862167
2020-12-01,IU_Central_1,992450
2021-01-01,IU_Central_1,930977
2021-02-01,IU_Central_1,1044478
2021-03-01,IU_Central_1,1157308
2021-04-01,IU_Central_1,855235
2021-05-01,IU_Central_1,881125
2021-06-01,IU_Central_1,653121
2021-07-01,IU_Central_1,461123
2021-08-01,IU_Central_1,459718
2021-09-01,IU_Central_1,505783
2021-10-01,IU_Central_1,782090
2021-11-01,IU_Central_1,844323
2021-12-01,IU_Central_1,895349
2022-01-01,IU_Central_1,1116520
2022-02-01,IU_Central_1,1280481
2022-03-01,IU_Central_1,1107192
2022-04-01,IU_Central_1,1042690
2022-05-01,IU_Central_1,930207
2022-06-01,IU_Central_1,619587
2022-07-01,IU_Central_1,439221
2022-08-01,IU_Central_1,473319
2022-09-01,IU_Central_1,500723
2022-10-01,IU_Central_1,861226
2022-11-01,IU_Central_1,718223
2022-12-01,IU_Central_1,1186417
2023-01-01,IU_Central_1,1221421
2023-02-01,IU_Central_1,1296863
2023-03-01,IU_Central_1,1318042
2023-04-01,IU_Central_1,1389670
2023-05-01,IU_Central_1,1033869
2023-06-01,IU_Central_1,747855
2023-07-01,IU_Central_1,500697
2023-08-01,IU_Central_1,560586
2023-09-01,IU_Central_1,780251
2023-10-01,IU_Central_1,1039016
2023-11-01,IU_Central_1,810443
2023-12-01,IU_Central_1,1166834
2024-01-01,IU_Central_1,1244269
2024-02-01,IU_Central_1,1585634
2024-03-01,IU_Central_1,1397224
2024-04-01,IU_Central_1,1471220
2024-05-01,IU_Central_1,1229025
2024-06-01,IU_Central_1,937803
2024-07-01,IU_Central_1,475592
2024-08-01,IU_Central_1,624125
2024-09-01,IU_Central_1,831505
2024-10-01,IU_Central_1,993831
2024-11-01,IU_Central_1,1275849
2024-12-01,IU_Central_1,1236624
2025-01-01,IU_Central_1,1541471
2025-02-01,IU_Central_1,1596855
2025-03-01,IU_Central_1,1805492
2025-04-01,IU_Central_1,1583061
2025-05-01,IU_Central_1,1418511
2025-06-01,IU_Central_1,1064102
2025-07-01,IU_Central_1,529841
2025-08-01,IU_Central_1,781326
2025-09-01,IU_Central_1,767519
2025-10-01,IU_Central_1,1316679
2025-11-01,IU_Central_1,1167923
2025-12-01,IU_Central_1,1515107
2015-01-01,IU_Central_2,614878
2015-02-01,IU_Central_2,543337
2015-03-01,IU_Central_2,556720
2015-04-01,IU_Central_2,547750
2015-05-01,IU_Central_2,428626
2015-06-01,IU_Central_2,333086
2015-07-01,IU_Central_2,236594
2015-08-01,IU_Central_2,179561
2015-09-01,IU_Central_2,322597
2015-10-01,IU_Central_2,401070
2015-11-01,IU_Central_2,519702
2015-12-01,IU_Central_2,583328
2016-01-01,IU_Central_2,636669
2016-02-01,IU_Central_2,659751
2016-03-01,IU_Central_2,708508
2016-04-01,IU_Central_2,591307
2016-05-01,IU_Central_2,531597
2016-06-01,IU_Central_2,375712
2016-07-01,IU_Central_2,250155
2016-08-01,IU_Central_2,200354
2016-09-01,IU_Central_2,329779
2016-10-01,IU_Central_2,444148
2016-11-01,IU_Central_2,483161
2016-12-01,IU_Central_2,432191
2017-01-01,IU_Central_2,746322
2017-02-01,IU_Central_2,807941
2017-03-01,IU_Central_2,842953
2017-04-01,IU_Central_2,615662
2017-05-01,IU_Central_2,570466
2017-06-01,IU_Central_2,458211
2017-07-01,IU_Central_2,306088
2017-08-01,IU_Central_2,272903
2017-09-01,IU_Central_2,452670
2017-10-01,IU_Central_2,525677
2017-11-01,IU_Central_2,651191
2017-12-01,IU_Central_2,612062
2018-01-01,IU_Central_2,888308
2018-02-01,IU_Central_2,726006
2018-03-01,IU_Central_2,998732
2018-04-01,IU_Central_2,874247
2018-05-01,IU_Central_2,669682
2018-06-01,IU_Central_2,449791
2018-07-01,IU_Central_2,333027
2018-08-01,IU_Central_2,355029
2018-09-01,IU_Central_2,486524
2018-10-01,IU_Central_2,505829
2018-11-01,IU_Central_2,659443
2018-12-01,IU_Central_2,709772
2019-01-01,IU_Central_2,799726
2019-02-01,IU_Central_2,1020979
2019-03-01,IU_Central_2,942500
2019-04-01,IU_Central_2,754144
2019-05-01,IU_Central_2,751693
2019-06-01,IU_Central_2,490754
2019-07-01,IU_Central_2,374991
2019-08-01,IU_Central_2,350109
2019-09-01,IU_Central_2,611364
2019-10-01,IU_Central_2,723746
2019-11-01,IU_Central_2,653305
2019-12-01,IU_Central_2,806684
2020-01-01,IU_Central_2,949702
2020-02-01,IU_Central_2,877345
2020-03-01,IU_Central_2,1354219
2020-04-01,IU_Central_2,128126
2020-05-01,IU_Central_2,573863
2020-06-01,IU_Central_2,344397
2020-07-01,IU_Central_2,489369
2020-08-01,IU_Central_2,381532
2020-09-01,IU_Central_2,516092
2020-10-01,IU_Central_2,706809
2020-11-01,IU_Central_2,732850
2020-12-01,IU_Central_2,904726
2021-01-01,IU_Central_2,933691
2021-02-01,IU_Central_2,1047443
2021-03-01,IU_Central_2,1139911
2021-04-01,IU_Central_2,976819
2021-05-01,IU_Central_2,882009
2021-06-01,IU_Central_2,647703
2021-07-01,IU_Central_2,464013
2021-08-01,IU_Central_2,405860
2021-09-01,IU_Central_2,730096
2021-10-01,IU_Central_2,827387
2021-11-01,IU_Central_2,717465
2021-12-01,IU_Central_2,964749
2022-01-01,IU_Central_2,1143477
2022-02-01,IU_Central_2,1261437
2022-03-01,IU_Central_2,1480477
2022-04-01,IU_Central_2,1192197
2022-05-01,IU_Central_2,873867
2022-06-01,IU_Central_2,664468
2022-07-01,IU_Central_2,435319
2022-08-01,IU_Central_2,433286
2022-09-01,IU_Central_2,662127
2022-10-01,IU_Central_2,759670
2022-11-01,IU_Central_2,1073751
2022-12-01,IU_Central_2,989682
2023-01-01,IU_Central_2,1219706
2023-02-01,IU_Central_2,1317595
2023-03-01,IU_Central_2,1506734
2023-04-01,IU_Central_2,1299973
2023-05-01,IU_Central_2,1136685
2023-06-01,IU_Central_2,777755
2023-07-01,IU_Central_2,516823
2023-08-01,IU_Central_2,598879
2023-09-01,IU_Central_2,832357
2023-10-01,IU_Central_2,890514
2023-11-01,IU_Central_2,1213253
2023-12-01,IU_Central_2,1569265
2024-01-01,IU_Central_2,1240323
2024-02-01,IU_Central_2,1293676
2024-03-01,IU_Central_2,1720458
2024-04-01,IU_Central_2,1515707
2024-05-01,IU_Central_2,1151346
2024-06-01,IU_Central_2,817196
2024-07-01,IU_Central_2,648534
2024-08-01,IU_Central_2,628005
2024-09-01,IU_Central_2,882058
2024-10-01,IU_Central_2,1213727
2024-11-01,IU_Central_2,1117088
2024-12-01,IU_Central_2,1389397
2025-01-01,IU_Central_2,1648721
2025-02-01,IU_Central_2,1576354
2025-03-01,IU_Central_2,1881602
2025-04-01,IU_Central_2,1471421
2025-05-01,IU_Central_2,1139731
2025-06-01,IU_Central_2,870739
2025-07-01,IU_Central_2,636044
2025-08-01,IU_Central_2,638221
2025-09-01,IU_Central_2,876189
2025-10-01,IU_Central_2,1053306
2025-11-01,IU_Central_2,1392757
2025-12-01,IU_Central_2,1553431
2015-01-01,IU_Central_3,467323
2015-02-01,IU_Central_3,521284
2015-03-01,IU_Central_3,532948
2015-04-01,IU_Central_3,531846
2015-05-01,IU_Central_3,394558
2015-06-01,IU_Central_3,324617
2015-07-01,IU_Central_3,199137
2015-08-01,IU_Central_3,189657
2015-09-01,IU_Central_3,392621
2015-10-01,IU_Central_3,410653
2015-11-01,IU_Central_3,409996
2015-12-01,IU_Central_3,468950
2016-01-01,IU_Central_3,596677
2016-02-01,IU_Central_3,696618
2016-03-01,IU_Central_3,628203
2016-04-01,IU_Central_3,553380
2016-05-01,IU_Central_3,540535
2016-06-01,IU_Central_3,389113
2016-07-01,IU_Central_3,302530
2016-08-01,IU_Central_3,246137
2016-09-01,IU_Central_3,347132
2016-10-01,IU_Central_3,360456
2016-11-01,IU_Central_3,461459
2016-12-01,IU_Central_3,632453
2017-01-01,IU_Central_3,721132
2017-02-01,IU_Central_3,872069
2017-03-01,IU_Central_3,842187
2017-04-01,IU_Central_3,750627
2017-05-01,IU_Central_3,484574
2017-06-01,IU_Central_3,422075
2017-07-01,IU_Central_3,339150
2017-08-01,IU_Central_3,305641
2017-09-01,IU_Central_3,412752
2017-10-01,IU_Central_3,557699
2017-11-01,IU_Central_3,540514
2017-12-01,IU_Central_3,566635
2018-01-01,IU_Central_3,768839
2018-02-01,IU_Central_3,777057
2018-03-01,IU_Central_3,798930
2018-04-01,IU_Central_3,902806
2018-05-01,IU_Central_3,729538
2018-06-01,IU_Central_3,498407
2018-07-01,IU_Central_3,480578
2018-08-01,IU_Central_3,346205
2018-09-01,IU_Central_3,430874
2018-10-01,IU_Central_3,678875
2018-11-01,IU_Central_3,646759
2018-12-01,IU_Central_3,884509
2019-01-01,IU_Central_3,812331
2019-02-01,IU_Central_3,756767
2019-03-01,IU_Central_3,846721
2019-04-01,IU_Central_3,786460
2019-05-01,IU_Central_3,734438
2019-06-01,IU_Central_3,506256
2019-07-01,IU_Central_3,364435
2019-08-01,IU_Central_3,438339
2019-09-01,IU_Central_3,435590
2019-10-01,IU_Central_3,633277
2019-11-01,IU_Central_3,582820
2019-12-01,IU_Central_3,795186
2020-01-01,IU_Central_3,801784
2020-02-01,IU_Central_3,797108
2020-03-01,IU_Central_3,922097
2020-04-01,IU_Central_3,126349
2020-05-01,IU_Central_3,532090
2020-06-01,IU_Central_3,497764
2020-07-01,IU_Central_3,368208
2020-08-01,IU_Central_3,381909
2020-09-01,IU_Central_3,477613
2020-10-01,IU_Central_3,650393
2020-11-01,IU_Central_3,674873
2020-12-01,IU_Central_3,965582
2021-01-01,IU_Central_3,1179292
2021-02-01,IU_Central_3,1144784
2021-03-01,IU_Central_3,1071449
2021-04-01,IU_Central_3,974724
2021-05-01,IU_Central_3,798730
2021-06-01,IU_Central_3,618792
2021-07-01,IU_Central_3,449883
2021-08-01,IU_Central_3,447309
2021-09-01,IU_Central_3,567619
2021-10-01,IU_Central_3,833966
2021-11-01,IU_Central_3,913903
2021-12-01,IU_Central_3,878260
2022-01-01,IU_Central_3,1080682
2022-02-01,IU_Central_3,1057618
2022-03-01,IU_Central_3,1234805
2022-04-01,IU_Central_3,1085278
2022-05-01,IU_Central_3,913459
2022-06-01,IU_Central_3,623781
2022-07-01,IU_Central_3,454291
2022-08-01,IU_Central_3,492317
2022-09-01,IU_Central_3,621515
2022-10-01,IU_Central_3,768044
2022-11-01,IU_Central_3,1024892
2022-12-01,IU_Central_3,885123
2023-01-01,IU_Central_3,1173859
2023-02-01,IU_Central_3,1215188
2023-03-01,IU_Central_3,1218839
2023-04-01,IU_Central_3,1343378
2023-05-01,IU_Central_3,1166026
2023-06-01,IU_Central_3,651584
2023-07-01,IU_Central_3,473439
2023-08-01,IU_Central_3,486239
2023-09-01,IU_Central_3,869748
2023-10-01,IU_Central_3,801201
2023-11-01,IU_Central_3,1118618
2023-12-01,IU_Central_3,1158009
2024-01-01,IU_Central_3,1381436
2024-02-01,IU_Central_3,1663595
2024-03-01,IU_Central_3,1747430
2024-04-01,IU_Central_3,1635125
2024-05-01,IU_Central_3,1121989
2024-06-01,IU_Central_3,995525
2024-07-01,IU_Central_3,710435
2024-08-01,IU_Central_3,620441
2024-09-01,IU_Central_3,778657
2024-10-01,IU_Central_3,1239854
2024-11-01,IU_Central_3,1332654
2024-12-01,IU_Central_3,1726540
2025-01-01,IU_Central_3,1578140
2025-02-01,IU_Central_3,1749282
2025-03-01,IU_Central_3,1788210
2025-04-01,IU_Central_3,1485889
2025-05-01,IU_Central_3,1346330
2025-06-01,IU_Central_3,972443
2025-07-01,IU_Central_3,678922
2025-08-01,IU_Central_3,692505
2025-09-01,IU_Central_3,996547
2025-10-01,IU_Central_3,1315844
2025-11-01,IU_Central_3,1137527
2025-12-01,IU_Central_3,1696623
2015-01-01,IU_East_1,524663
2015-02-01,IU_East_1,665509
2015-03-01,IU_East_1,666168
2015-04-01,IU_East_1,620844
2015-05-01,IU_East_1,481929
2015-06-01,IU_East_1,395082
2015-07-01,IU_East_1,170274
2015-08-01,IU_East_1,213273
2015-09-01,IU_East_1,302290
2015-10-01,IU_East_1,359307
2015-11-01,IU_East_1,443217
2015-12-01,IU_East_1,600308
2016-01-01,IU_East_1,560649
2016-02-01,IU_East_1,743187
2016-03-01,IU_East_1,698268
2016-04-01,IU_East_1,695427
2016-05-01,IU_East_1,508434
2016-06-01,IU_East_1,396375
2016-07-01,IU_East_1,235533
2016-08-01,IU_East_1,237189
2016-09-01,IU_East_1,393163
2016-10-01,IU_East_1,379339
2016-11-01,IU_East_1,399155
2016-12-01,IU_East_1,523314
2017-01-01,IU_East_1,647727
2017-02-01,IU_East_1,976177
2017-03-01,IU_East_1,813410
2017-04-01,IU_East_1,700593
2017-05-01,IU_East_1,638686
2017-06-01,IU_East_1,466260
2017-07-01,IU_East_1,263900
2017-08-01,IU_East_1,273555
2017-09-01,IU_East_1,402397
2017-10-01,IU_East_1,492711
2017-11-01,IU_East_1,569569
2017-12-01,IU_East_1,704254
2018-01-01,IU_East_1,1025109
2018-02-01,IU_East_1,932272
2018-03-01,IU_East_1,860543
2018-04-01,IU_East_1,857584
2018-05-01,IU_East_1,782908
2018-06-01,IU_East_1,484422
2018-07-01,IU_East_1,318652
2018-08-01,IU_East_1,347881
2018-09-01,IU_East_1,421650
2018-10-01,IU_East_1,524969
2018-11-01,IU_East_1,724050
2018-12-01,IU_East_1,764711
2019-01-01,IU_East_1,785740
2019-02-01,IU_East_1,825293
2019-03-01,IU_East_1,905501
2019-04-01,IU_East_1,1032879
2019-05-01,IU_East_1,685692
2019-06-01,IU_East_1,582429
2019-07-01,IU_East_1,309379
2019-08-01,IU_East_1,382953
2019-09-01,IU_East_1,420545
2019-10-01,IU_East_1,699471
2019-11-01,IU_East_1,685033
2019-12-01,IU_East_1,886431
2020-01-01,IU_East_1,895163
2020-02-01,IU_East_1,1195584
2020-03-01,IU_East_1,1165155
2020-04-01,IU_East_1,122530
2020-05-01,IU_East_1,587902
2020-06-01,IU_East_1,348055
2020-07-01,IU_East_1,376404
2020-08-01,IU_East_1,425333
2020-09-01,IU_East_1,547742
2020-10-01,IU_East_1,576039
2020-11-01,IU_East_1,786174
2020-12-01,IU_East_1,720672
2021-01-01,IU_East_1,1046121
2021-02-01,IU_East_1,923910
2021-03-01,IU_East_1,878898
2021-04-01,IU_East_1,1233139
2021-05-01,IU_East_1,1145776
2021-06-01,IU_East_1,664876
2021-07-01,IU_East_1,394428
2021-08-01,IU_East_1,463183
2021-09-01,IU_East_1,471267
2021-10-01,IU_East_1,702728
2021-11-01,IU_East_1,843089
2021-12-01,IU_East_1,908412
2022-01-01,IU_East_1,1005915
2022-02-01,IU_East_1,1290216
2022-03-01,IU_East_1,1386196
2022-04-01,IU_East_1,1426151
2022-05-01,IU_East_1,1009365
2022-06-01,IU_East_1,598280
2022-07-01,IU_East_1,482779
2022-08-01,IU_East_1,458306
2022-09-01,IU_East_1,493187
2022-10-01,IU_East_1,834676
2022-11-01,IU_East_1,862264
2022-12-01,IU_East_1,997921
2023-01-01,IU_East_1,1254019
2023-02-01,IU_East_1,1141366
2023-03-01,IU_East_1,1657909
2023-04-01,IU_East_1,1453708
2023-05-01,IU_East_1,995054
2023-06-01,IU_East_1,657227
2023-07-01,IU_East_1,445633
2023-08-01,IU_East_1,467643
2023-09-01,IU_East_1,704502
2023-10-01,IU_East_1,954098
2023-11-01,IU_East_1,940592
2023-12-01,IU_East_1,1252392
2024-01-01,IU_East_1,1459024
2024-02-01,IU_East_1,2040688
2024-03-01,IU_East_1,1653074
2024-04-01,IU_East_1,1332279
2024-05-01,IU_East_1,1321238
2024-06-01,IU_East_1,756476
2024-07-01,IU_East_1,623759
2024-08-01,IU_East_1,630152
2024-09-01,IU_East_1,798676
2024-10-01,IU_East_1,1086009
2024-11-01,IU_East_1,965531
2024-12-01,IU_East_1,1251145
2025-01-01,IU_East_1,1681781
2025-02-01,IU_East_1,1534648
2025-03-01,IU_East_1,1971547
2025-04-01,IU_East_1,1698624
2025-05-01,IU_East_1,1493492
2025-06-01,IU_East_1,1002893
2025-07-01,IU_East_1,666156
2025-08-01,IU_East_1,573870
2025-09-01,IU_East_1,759510
2025-10-01,IU_East_1,1041844
2025-11-01,IU_East_1,1485521
2025-12-01,IU_East_1,1613668
2015-01-01,IU_East_2,485757
2015-02-01,IU_East_2,546385
2015-03-01,IU_East_2,632545
2015-04-01,IU_East_2,489894
2015-05-01,IU_East_2,490543
2015-06-01,IU_East_2,304705
2015-07-01,IU_East_2,301919
2015-08-01,IU_East_2,236211
2015-09-01,IU_East_2,248522
2015-10-01,IU_East_2,436531
2015-11-01,IU_East_2,433239
2015-12-01,IU_East_2,517658
2016-01-01,IU_East_2,597152
2016-02-01,IU_East_2,666375
2016-03-01,IU_East_2,693404
2016-04-01,IU_East_2,646877
2016-05-01,IU_East_2,621278
2016-06-01,IU_East_2,381582
2016-07-01,IU_East_2,263260
2016-08-01,IU_East_2,256480
2016-09-01,IU_East_2,309493
2016-10-01,IU_East_2,452599
2016-11-01,IU_East_2,580693
2016-12-01,IU_East_2,546591
2017-01-01,IU_East_2,766886
2017-02-01,IU_East_2,644284
2017-03-01,IU_East_2,911747
2017-04-01,IU_East_2,748729
2017-05-01,IU_East_2,593225
2017-06-01,IU_East_2,428285
2017-07-01,IU_East_2,338663
2017-08-01,IU_East_2,279207
2017-09-01,IU_East_2,442975
2017-10-01,IU_East_2,594651
2017-11-01,IU_East_2,734383
2017-12-01,IU_East_2,770846
2018-01-01,IU_East_2,822035
2018-02-01,IU_East_2,748807
2018-03-01,IU_East_2,962962
2018-04-01,IU_East_2,922661
2018-05-01,IU_East_2,900389
2018-06-01,IU_East_2,428946
2018-07-01,IU_East_2,389389
2018-08-01,IU_East_2,310210
2018-09-01,IU_East_2,452614
2018-10-01,IU_East_2,629802
2018-11-01,IU_East_2,618396
2018-12-01,IU_East_2,874516
2019-01-01,IU_East_2,865630
2019-02-01,IU_East_2,834820
2019-03-01,IU_East_2,938742
2019-04-01,IU_East_2,730849
2019-05-01,IU_East_2,880580
2019-06-01,IU_East_2,544155
2019-07-01,IU_East_2,370291
2019-08-01,IU_East_2,296389
2019-09-01,IU_East_2,516889
2019-10-01,IU_East_2,589955
2019-11-01,IU_East_2,763086
2019-12-01,IU_East_2,701315
2020-01-01,IU_East_2,806021
2020-02-01,IU_East_2,1027101
2020-03-01,IU_East_2,1127941
2020-04-01,IU_East_2,136561
2020-05-01,IU_East_2,502123
2020-06-01,IU_East_2,357388
2020-07-01,IU_East_2,402385
2020-08-01,IU_East_2,421532
2020-09-01,IU_East_2,583893
2020-10-01,IU_East_2,636169
2020-11-01,IU_East_2,614004
2020-12-01,IU_East_2,847887
2021-01-01,IU_East_2,871030
2021-02-01,IU_East_2,1271223
2021-03-01,IU_East_2,1207498
2021-04-01,IU_East_2,1022147
2021-05-01,IU_East_2,812427
2021-06-01,IU_East_2,525304
2021-07-01,IU_East_2,425830
2021-08-01,IU_East_2,390644
2021-09-01,IU_East_2,599507
2021-10-01,IU_East_2,659268
2021-11-01,IU_East_2,888428
2021-12-01,IU_East_2,1065631
2022-01-01,IU_East_2,1215851
2022-02-01,IU_East_2,1220974
2022-03-01,IU_East_2,1457610
2022-04-01,IU_East_2,1040890
2022-05-01,IU_East_2,839034
2022-06-01,IU_East_2,606036
2022-07-01,IU_East_2,425744
2022-08-01,IU_East_2,548339
2022-09-01,IU_East_2,526753
2022-10-01,IU_East_2,806893
2022-11-01,IU_East_2,796584
2022-12-01,IU_East_2,1216606
2023-01-01,IU_East_2,1330760
2023-02-01,IU_East_2,1275943
2023-03-01,IU_East_2,1591655
2023-04-01,IU_East_2,1374810
2023-05-01,IU_East_2,984816
2023-06-01,IU_East_2,613718
2023-07-01,IU_East_2,540209
2023-08-01,IU_East_2,503473
2023-09-01,IU_East_2,656153
2023-10-01,IU_East_2,969739
2023-11-01,IU_East_2,961782
2023-12-01,IU_East_2,1090474
2024-01-01,IU_East_2,1511608
2024-02-01,IU_East_2,1835215
2024-03-01,IU_East_2,1669965
2024-04-01,IU_East_2,1548265
2024-05-01,IU_East_2,1191388
2024-06-01,IU_East_2,741214
2024-07-01,IU_East_2,675389
2024-08-01,IU_East_2,583781
2024-09-01,IU_East_2,1001782
2024-10-01,IU_East_2,1006356
2024-11-01,IU_East_2,1085479
2024-12-01,IU_East_2,1292534
2025-01-01,IU_East_2,1787590
2025-02-01,IU_East_2,1829052
2025-03-01,IU_East_2,1832960
2025-04-01,IU_East_2,1701729
2025-05-01,IU_East_2,1305621
2025-06-01,IU_East_2,819389
2025-07-01,IU_East_2,737975
2025-08-01,IU_East_2,613298
2025-09-01,IU_East_2,896232
2025-10-01,IU_East_2,1168576
2025-11-01,IU_East_2,1373119
2025-12-01,IU_East_2,1371638
2015-01-01,IU_East_3,624157
2015-02-01,IU_East_3,704044
2015-03-01,IU_East_3,589132
2015-04-01,IU_East_3,599796
2015-05-01,IU_East_3,540891
2015-06-01,IU_East_3,293660
2015-07-01,IU_East_3,258098
2015-08-01,IU_East_3,251973
2015-09-01,IU_East_3,280681
2015-10-01,IU_East_3,430438
2015-11-01,IU_East_3,489796
2015-12-01,IU_East_3,401732
2016-01-01,IU_East_3,663791
2016-02-01,IU_East_3,666119
2016-03-01,IU_East_3,677606
2016-04-01,IU_East_3,609786
2016-05-01,IU_East_3,629759
2016-06-01,IU_East_3,350444
2016-07-01,IU_East_3,229140
2016-08-01,IU_East_3,236060
2016-09-01,IU_East_3,461463
2016-10-01,IU_East_3,482954
2016-11-01,IU_East_3,621158
2016-12-01,IU_East_3,563045
2017-01-01,IU_East_3,798717
2017-02-01,IU_East_3,1053056
2017-03-01,IU_East_3,785302
2017-04-01,IU_East_3,717873
2017-05-01,IU_East_3,556512
2017-06-01,IU_East_3,421658
2017-07-01,IU_East_3,280115
2017-08-01,IU_East_3,265413
2017-09-01,IU_East_3,416985
2017-10-01,IU_East_3,646779
2017-11-01,IU_East_3,598969
2017-12-01,IU_East_3,824400
2018-01-01,IU_East_3,669152
2018-02-01,IU_East_3,902954
2018-03-01,IU_East_3,1025697
2018-04-01,IU_East_3,829692
2018-05-01,IU_East_3,635575
2018-06-01,IU_East_3,483410
2018-07-01,IU_East_3,329437
2018-08-01,IU_East_3,256231
2018-09-01,IU_East_3,384757
2018-10-01,IU_East_3,539778
2018-11-01,IU_East_3,645685
2018-12-01,IU_East_3,728457
2019-01-01,IU_East_3,924760
2019-02-01,IU_East_3,804064
2019-03-01,IU_East_3,1018127
2019-04-01,IU_East_3,891223
2019-05-01,IU_East_3,877661
2019-06-01,IU_East_3,511713
2019-07-01,IU_East_3,385796
2019-08-01,IU_East_3,330004
2019-09-01,IU_East_3,512587
2019-10-01,IU_East_3,739391
2019-11-01,IU_East_3,668803
2019-12-01,IU_East_3,892676
2020-01-01,IU_East_3,1058752
2020-02-01,IU_East_3,955180
2020-03-01,IU_East_3,1068337
2020-04-01,IU_East_3,129331
2020-05-01,IU_East_3,566626
2020-06-01,IU_East_3,381189
2020-07-01,IU_East_3,333227
2020-08-01,IU_East_3,348573
2020-09-01,IU_East_3,497209
2020-10-01,IU_East_3,672677
2020-11-01,IU_East_3,694743
2020-12-01,IU_East_3,686957
2021-01-01,IU_East_3,1199239
2021-02-01,IU_East_3,979653
2021-03-01,IU_East_3,1417629
2021-04-01,IU_East_3,970425
2021-05-01,IU_East_3,830626
2021-06-01,IU_East_3,690399
2021-07-01,IU_East_3,393620
2021-08-01,IU_East_3,321542
2021-09-01,IU_East_3,577273
2021-10-01,IU_East_3,878677
2021-11-01,IU_East_3,948612
2021-12-01,IU_East_3,913047
2022-01-01,IU_East_3,1183885
2022-02-01,IU_East_3,1197933
2022-03-01,IU_East_3,1489193
2022-04-01,IU_East_3,1154977
2022-05-01,IU_East_3,1092389
2022-06-01,IU_East_3,644098
2022-07-01,IU_East_3,591536
2022-08-01,IU_East_3,438155
2022-09-01,IU_East_3,605574
2022-10-01,IU_East_3,881580
2022-11-01,IU_East_3,949747
2022-12-01,IU_East_3,1055383
2023-01-01,IU_East_3,1550395
2023-02-01,IU_East_3,1625765
2023-03-01,IU_East_3,1521508
2023-04-01,IU_East_3,1408886
2023-05-01,IU_East_3,1312757
2023-06-01,IU_East_3,638958
2023-07-01,IU_East_3,632853
2023-08-01,IU_East_3,486893
2023-09-01,IU_East_3,668272
2023-10-01,IU_East_3,917181
2023-11-01,IU_East_3,1018223
2023-12-01,IU_East_3,1074854
2024-01-01,IU_East_3,1584418
2024-02-01,IU_East_3,1487332
2024-03-01,IU_East_3,1677839
2024-04-01,IU_East_3,1631354
2024-05-01,IU_East_3,1389364
2024-06-01,IU_East_3,880369
2024-07-01,IU_East_3,596500
2024-08-01,IU_East_3,660515
2024-09-01,IU_East_3,962229
2024-10-01,IU_East_3,857999
2024-11-01,IU_East_3,1288914
2024-12-01,IU_East_3,1494820
2025-01-01,IU_East_3,1596517
2025-02-01,IU_East_3,1837179
2025-03-01,IU_East_3,1913208
2025-04-01,IU_East_3,1700017
2025-05-01,IU_East_3,1485219
2025-06-01,IU_East_3,1057951
2025-07-01,IU_East_3,640599
2025-08-01,IU_East_3,746206
2025-09-01,IU_East_3,790817
2025-10-01,IU_East_3,1106459
2025-11-01,IU_East_3,1176367
2025-12-01,IU_East_3,1422868
2015-01-01,IU_North_1,739548
2015-02-01,IU_North_1,582373
2015-03-01,IU_North_1,871667
2015-04-01,IU_North_1,698119
2015-05-01,IU_North_1,589907
2015-06-01,IU_North_1,452802
2015-07-01,IU_North_1,360587
2015-08-01,IU_North_1,298989
2015-09-01,IU_North_1,477215
2015-10-01,IU_North_1,507545
2015-11-01,IU_North_1,584270
2015-12-01,IU_North_1,704680
2016-01-01,IU_North_1,830866
2016-02-01,IU_North_1,773905
2016-03-01,IU_North_1,915130
2016-04-01,IU_North_1,826087
2016-05-01,IU_North_1,750619
2016-06-01,IU_North_1,516542
2016-07-01,IU_North_1,378386
2016-08-01,IU_North_1,314461
2016-09-01,IU_North_1,655486
2016-10-01,IU_North_1,586701
2016-11-01,IU_North_1,695715
2016-12-01,IU_North_1,772343
2017-01-01,IU_North_1,925094
2017-02-01,IU_North_1,916091
2017-03-01,IU_North_1,1048747
2017-04-01,IU_North_1,900224
2017-05-01,IU_North_1,728271
2017-06-01,IU_North_1,635466
2017-07-01,IU_North_1,415471
2017-08-01,IU_North_1,434984
2017-09-01,IU_North_1,578935
2017-10-01,IU_North_1,751916
2017-11-01,IU_North_1,851609
2017-12-01,IU_North_1,800531
2018-01-01,IU_North_1,1003227
2018-02-01,IU_North_1,1074501
2018-03-01,IU_North_1,1082142
2018-04-01,IU_North_1,1001314
2018-05-01,IU_North_1,892501
2018-06-01,IU_North_1,628075
2018-07-01,IU_North_1,509528
2018-08-01,IU_North_1,405043
2018-09-01,IU_North_1,700567
2018-10-01,IU_North_1,698423
2018-11-01,IU_North_1,1042333
2018-12-01,IU_North_1,1001018
2019-01-01,IU_North_1,1171383
2019-02-01,IU_North_1,1279381
2019-03-01,IU_North_1,1178327
2019-04-01,IU_North_1,1208450
2019-05-01,IU_North_1,1012954
2019-06-01,IU_North_1,653256
2019-07-01,IU_North_1,503608
2019-08-01,IU_North_1,595827
2019-09-01,IU_North_1,624742
2019-10-01,IU_North_1,924551
2019-11-01,IU_North_1,924525
2019-12-01,IU_North_1,1204110
2020-01-01,IU_North_1,970525
2020-02-01,IU_North_1,1379911
2020-03-01,IU_North_1,1530986
2020-04-01,IU_North_1,164955
2020-05-01,IU_North_1,735177
2020-06-01,IU_North_1,513240
2020-07-01,IU_North_1,527306
2020-08-01,IU_North_1,525677
2020-09-01,IU_North_1,677042
2020-10-01,IU_North_1,754732
2020-11-01,IU_North_1,1133507
2020-12-01,IU_North_1,1362125
2021-01-01,IU_North_1,1279499
2021-02-01,IU_North_1,1457645
2021-03-01,IU_North_1,1279726
2021-04-01,IU_North_1,1482881
2021-05-01,IU_North_1,1128660
2021-06-01,IU_North_1,781665
2021-07-01,IU_North_1,530230
2021-08-01,IU_North_1,492720
2021-09-01,IU_North_1,710643
2021-10-01,IU_North_1,925472
2021-11-01,IU_North_1,1069197
2021-12-01,IU_North_1,1307263
2022-01-01,IU_North_1,1353847
2022-02-01,IU_North_1,1476155
2022-03-01,IU_North_1,1853591
2022-04-01,IU_North_1,1548802
2022-05-01,IU_North_1,1362589
2022-06-01,IU_North_1,1004269
2022-07-01,IU_North_1,602204
2022-08-01,IU_North_1,752411
2022-09-01,IU_North_1,888154
2022-10-01,IU_North_1,1100177
2022-11-01,IU_North_1,1407371
2022-12-01,IU_North_1,1271824
2023-01-01,IU_North_1,1834181
2023-02-01,IU_North_1,1865786
2023-03-01,IU_North_1,1792591
2023-04-01,IU_North_1,1537969
2023-05-01,IU_North_1,1476542
2023-06-01,IU_North_1,1027212
2023-07-01,IU_North_1,752855
2023-08-01,IU_North_1,699798
2023-09-01,IU_North_1,1164715
2023-10-01,IU_North_1,1169387
2023-11-01,IU_North_1,1809711
2023-12-01,IU_North_1,1584353
2024-01-01,IU_North_1,2117541
2024-02-01,IU_North_1,2138643
2024-03-01,IU_North_1,2153352
2024-04-01,IU_North_1,1989334
2024-05-01,IU_North_1,1619513
2024-06-01,IU_North_1,1139192
2024-07-01,IU_North_1,884308
2024-08-01,IU_North_1,890530
2024-09-01,IU_North_1,1117336
2024-10-01,IU_North_1,1499782
2024-11-01,IU_North_1,1559072
2024-12-01,IU_North_1,1710777
2025-01-01,IU_North_1,2018080
2025-02-01,IU_North_1,2252879
2025-03-01,IU_North_1,2278431
2025-04-01,IU_North_1,2069010
2025-05-01,IU_North_1,1756152
2025-06-01,IU_North_1,1323769
2025-07-01,IU_North_1,779147
2025-08-01,IU_North_1,908859
2025-09-01,IU_North_1,1301942
2025-10-01,IU_North_1,1560085
2025-11-01,IU_North_1,1849903
2025-12-01,IU_North_1,1818190
2015-01-01,IU_North_2,736872
2015-02-01,IU_North_2,647824
2015-03-01,IU_North_2,798381
2015-04-01,IU_North_2,614966
2015-05-01,IU_North_2,644342
2015-06-01,IU_North_2,496522
2015-07-01,IU_North_2,284993
2015-08-01,IU_North_2,349183
2015-09-01,IU_North_2,387109
2015-10-01,IU_North_2,523093
2015-11-01,IU_North_2,607090
2015-12-01,IU_North_2,775075
2016-01-01,IU_North_2,748031
2016-02-01,IU_North_2,949031
2016-03-01,IU_North_2,929318
2016-04-01,IU_North_2,827357
2016-05-01,IU_North_2,676274
2016-06-01,IU_North_2,486903
2016-07-01,IU_North_2,347485
2016-08-01,IU_North_2,321928
2016-09-01,IU_North_2,459389
2016-10-01,IU_North_2,617959
2016-11-01,IU_North_2,573095
2016-12-01,IU_North_2,736081
2017-01-01,IU_North_2,857768
2017-02-01,IU_North_2,984072
2017-03-01,IU_North_2,1046548
2017-04-01,IU_North_2,1060751
2017-05-01,IU_North_2,735186
2017-06-01,IU_North_2,567193
2017-07-01,IU_North_2,377327
2017-08-01,IU_North_2,447291
2017-09-01,IU_North_2,567261
2017-10-01,IU_North_2,815736
2017-11-01,IU_North_2,678513
2017-12-01,IU_North_2,1069563
2018-01-01,IU_North_2,925743
2018-02-01,IU_North_2,1054510
2018-03-01,IU_North_2,1261699
2018-04-01,IU_North_2,1226010
2018-05-01,IU_North_2,967278
2018-06-01,IU_North_2,866328
2018-07-01,IU_North_2,448723
2018-08-01,IU_North_2,508424
2018-09-01,IU_North_2,613882
2018-10-01,IU_North_2,1087546
2018-11-01,IU_North_2,833962
2018-12-01,IU_North_2,1041717
2019-01-01,IU_North_2,1169586
2019-02-01,IU_North_2,1129016
2019-03-01,IU_North_2,1403039
2019-04-01,IU_North_2,1134418
2019-05-01,IU_North_2,892530
2019-06-01,IU_North_2,557988
2019-07-01,IU_North_2,430459
2019-08-01,IU_North_2,497425
2019-09-01,IU_North_2,681413
2019-10-01,IU_North_2,784567
2019-11-01,IU_North_2,975822
2019-12-01,IU_North_2,933214
2020-01-01,IU_North_2,1018791
2020-02-01,IU_North_2,1182082
2020-03-01,IU_North_2,1403537
2020-04-01,IU_North_2,164626
2020-05-01,IU_North_2,574610
2020-06-01,IU_North_2,498676
2020-07-01,IU_North_2,467518
2020-08-01,IU_North_2,531156
2020-09-01,IU_North_2,766552
2020-10-01,IU_North_2,905571
2020-11-01,IU_North_2,888662
2020-12-01,IU_North_2,1158503
2021-01-01,IU_North_2,1324947
2021-02-01,IU_North_2,1422658
2021-03-01,IU_North_2,1251495
2021-04-01,IU_North_2,1291910
2021-05-01,IU_North_2,1245934
2021-06-01,IU_North_2,848425
2021-07-01,IU_North_2,609203
2021-08-01,IU_North_2,493094
2021-09-01,IU_North_2,734597
2021-10-01,IU_North_2,1070057
2021-11-01,IU_North_2,1384165
2021-12-01,IU_North_2,1218371
2022-01-01,IU_North_2,1674000
2022-02-01,IU_North_2,1490345
2022-03-01,IU_North_2,1713980
2022-04-01,IU_North_2,1381191
2022-05-01,IU_North_2,1334147
2022-06-01,IU_North_2,848450
2022-07-01,IU_North_2,774666
2022-08-01,IU_North_2,686885
2022-09-01,IU_North_2,703757
2022-10-01,IU_North_2,1195333
2022-11-01,IU_North_2,1396635
2022-12-01,IU_North_2,1516986
2023-01-01,IU_North_2,1786463
2023-02-01,IU_North_2,1761098
2023-03-01,IU_North_2,1694580
2023-04-01,IU_North_2,1581575
2023-05-01,IU_North_2,1337777
2023-06-01,IU_North_2,898716
2023-07-01,IU_North_2,657398
2023-08-01,IU_North_2,720003
2023-09-01,IU_North_2,1246798
2023-10-01,IU_North_2,1078491
2023-11-01,IU_North_2,1541990
2023-12-01,IU_North_2,1503816
2024-01-01,IU_North_2,1828042
2024-02-01,IU_North_2,2152378
2024-03-01,IU_North_2,1896829
2024-04-01,IU_North_2,2121148
2024-05-01,IU_North_2,1437585
2024-06-01,IU_North_2,1111566
2024-07-01,IU_North_2,791463
2024-08-01,IU_North_2,822706
2024-09-01,IU_North_2,1388335
2024-10-01,IU_North_2,1342556
2024-11-01,IU_North_2,1751134
2024-12-01,IU_North_2,1821730
2025-01-01,IU_North_2,2072440
2025-02-01,IU_North_2,2141503
2025-03-01,IU_North_2,2533548
2025-04-01,IU_North_2,1968965
2025-05-01,IU_North_2,1791048
2025-06-01,IU_North_2,1057032
2025-07-01,IU_North_2,779646
2025-08-01,IU_North_2,945861
2025-09-01,IU_North_2,1261710
2025-10-01,IU_North_2,1512468
2025-11-01,IU_North_2,1886469
2025-12-01,IU_North_2,1756415
2015-01-01,IU_North_3,802192
2015-02-01,IU_North_3,738430
2015-03-01,IU_North_3,714047
2015-04-01,IU_North_3,658106
2015-05-01,IU_North_3,478552
2015-06-01,IU_North_3,405986
2015-07-01,IU_North_3,267066
2015-08-01,IU_North_3,260542
2015-09-01,IU_North_3,563694
2015-10-01,IU_North_3,601608
2015-11-01,IU_North_3,579761
2015-12-01,IU_North_3,759167
2016-01-01,IU_North_3,756090
2016-02-01,IU_North_3,907393
2016-03-01,IU_North_3,827254
2016-04-01,IU_North_3,765741
2016-05-01,IU_North_3,720931
2016-06-01,IU_North_3,556551
2016-07-01,IU_North_3,356100
2016-08-01,IU_North_3,377637
2016-09-01,IU_North_3,471917
2016-10-01,IU_North_3,652819
2016-11-01,IU_North_3,700941
2016-12-01,IU_North_3,733353
2017-01-01,IU_North_3,891236
2017-02-01,IU_North_3,953242
2017-03-01,IU_North_3,1134759
2017-04-01,IU_North_3,907553
2017-05-01,IU_North_3,740050
2017-06-01,IU_North_3,612052
2017-07-01,IU_North_3,406186
2017-08-01,IU_North_3,456898
2017-09-01,IU_North_3,605250
2017-10-01,IU_North_3,816878
2017-11-01,IU_North_3,649680
2017-12-01,IU_North_3,783081
2018-01-01,IU_North_3,998290
2018-02-01,IU_North_3,910606
2018-03-01,IU_North_3,1077914
2018-04-01,IU_North_3,1196305
2018-05-01,IU_North_3,879136
2018-06-01,IU_North_3,650653
2018-07-01,IU_North_3,446172
2018-08-01,IU_North_3,463715
2018-09-01,IU_North_3,758033
2018-10-01,IU_North_3,792136
2018-11-01,IU_North_3,974920
2018-12-01,IU_North_3,862068
2019-01-01,IU_North_3,1108297
2019-02-01,IU_North_3,1422638
2019-03-01,IU_North_3,1319521
2019-04-01,IU_North_3,1188291
2019-05-01,IU_North_3,1045090
2019-06-01,IU_North_3,639912
2019-07-01,IU_North_3,516664
2019-08-01,IU_North_3,460027
2019-09-01,IU_North_3,643848
2019-10-01,IU_North_3,925338
2019-11-01,IU_North_3,1023708
2019-12-01,IU_North_3,1208815
2020-01-01,IU_North_3,1057114
2020-02-01,IU_North_3,1368015
2020-03-01,IU_North_3,1498579
2020-04-01,IU_North_3,207044
2020-05-01,IU_North_3,641184
2020-06-01,IU_North_3,530266
2020-07-01,IU_North_3,568406
2020-08-01,IU_North_3,465216
2020-09-01,IU_North_3,747275
2020-10-01,IU_North_3,932419
2020-11-01,IU_North_3,1001082
2020-12-01,IU_North_3,1389585
2021-01-01,IU_North_3,1127991
2021-02-01,IU_North_3,1480093
2021-03-01,IU_North_3,1455697
2021-04-01,IU_North_3,1163811
2021-05-01,IU_North_3,1230665
2021-06-01,IU_North_3,824750
2021-07-01,IU_North_3,485003
2021-08-01,IU_North_3,597230
2021-09-01,IU_North_3,1013191
2021-10-01,IU_North_3,1012815
2021-11-01,IU_North_3,1079797
2021-12-01,IU_North_3,1305409
2022-01-01,IU_North_3,1562831
2022-02-01,IU_North_3,1415562
2022-03-01,IU_North_3,1851793
2022-04-01,IU_North_3,1449951
2022-05-01,IU_North_3,1246528
2022-06-01,IU_North_3,883160
2022-07-01,IU_North_3,688483
2022-08-01,IU_North_3,622890
2022-09-01,IU_North_3,851507
2022-10-01,IU_North_3,1037598
2022-11-01,IU_North_3,1469428
2022-12-01,IU_North_3,1294195
2023-01-01,IU_North_3,1591712
2023-02-01,IU_North_3,1758823
2023-03-01,IU_North_3,1950443
2023-04-01,IU_North_3,1742215
2023-05-01,IU_North_3,1541023
2023-06-01,IU_North_3,1039747
2023-07-01,IU_North_3,697600
2023-08-01,IU_North_3,873502
2023-09-01,IU_North_3,766703
2023-10-01,IU_North_3,1245287
2023-11-01,IU_North_3,1499100
2023-12-01,IU_North_3,1539352
2024-01-01,IU_North_3,1727746
2024-02-01,IU_North_3,2026819
2024-03-01,IU_North_3,2464121
2024-04-01,IU_North_3,2124502
2024-05-01,IU_North_3,1606877
2024-06-01,IU_North_3,1287390
2024-07-01,IU_North_3,920060
2024-08-01,IU_North_3,745611
2024-09-01,IU_North_3,1035035
2024-10-01,IU_North_3,1407593
2024-11-01,IU_North_3,1648606
2024-12-01,IU_North_3,2000885
2025-01-01,IU_North_3,1845606
2025-02-01,IU_North_3,2368859
2025-03-01,IU_North_3,2209342
2025-04-01,IU_North_3,1904540
2025-05-01,IU_North_3,1845759
2025-06-01,IU_North_3,1129678
2025-07-01,IU_North_3,917571
2025-08-01,IU_North_3,865789
2025-09-01,IU_North_3,1234707
2025-10-01,IU_North_3,1547444
2025-11-01,IU_North_3,1939340
2025-12-01,IU_North_3,1858071
2015-01-01,IU_South_1,827954
2015-02-01,IU_South_1,710079
2015-03-01,IU_South_1,1009147
2015-04-01,IU_South_1,809551
2015-05-01,IU_South_1,603289
2015-06-01,IU_South_1,416088
2015-07-01,IU_South_1,254722
2015-08-01,IU_South_1,322830
2015-09-01,IU_South_1,395571
2015-10-01,IU_South_1,620546
2015-11-01,IU_South_1,538043
2015-12-01,IU_South_1,664102
2016-01-01,IU_South_1,840053
2016-02-01,IU_South_1,914302
2016-03-01,IU_South_1,1151803
2016-04-01,IU_South_1,931099
2016-05-01,IU_South_1,669283
2016-06-01,IU_South_1,514824
2016-07-01,IU_South_1,263360
2016-08-01,IU_South_1,353196
2016-09-01,IU_South_1,617476
2016-10-01,IU_South_1,664513
2016-11-01,IU_South_1,703380
2016-12-01,IU_South_1,812040
2017-01-01,IU_South_1,920043
2017-02-01,IU_South_1,1084660
2017-03-01,IU_South_1,1118362
2017-04-01,IU_South_1,986996
2017-05-01,IU_South_1,873489
2017-06-01,IU_South_1,795119
2017-07-01,IU_South_1,339097
2017-08-01,IU_South_1,297222
2017-09-01,IU_South_1,582109
2017-10-01,IU_South_1,573419
2017-11-01,IU_South_1,745246
2017-12-01,IU_South_1,865857
2018-01-01,IU_South_1,1250187
2018-02-01,IU_South_1,1216609
2018-03-01,IU_South_1,1520049
2018-04-01,IU_South_1,1165819
2018-05-01,IU_South_1,995095
2018-06-01,IU_South_1,598324
2018-07-01,IU_South_1,481469
2018-08-01,IU_South_1,478470
2018-09-01,IU_South_1,738654
2018-10-01,IU_South_1,626341
2018-11-01,IU_South_1,800927
2018-12-01,IU_South_1,1009984
2019-01-01,IU_South_1,1077963
2019-02-01,IU_South_1,1418412
2019-03-01,IU_South_1,1377193
2019-04-01,IU_South_1,991604
2019-05-01,IU_South_1,1171787
2019-06-01,IU_South_1,768480
2019-07-01,IU_South_1,478149
2019-08-01,IU_South_1,430725
2019-09-01,IU_South_1,571674
2019-10-01,IU_South_1,809685
2019-11-01,IU_South_1,923915
2019-12-01,IU_South_1,1266421
2020-01-01,IU_South_1,1261623
2020-02-01,IU_South_1,1339703
2020-03-01,IU_South_1,1321929
2020-04-01,IU_South_1,149022
2020-05-01,IU_South_1,815637
2020-06-01,IU_South_1,494538
2020-07-01,IU_South_1,537982
2020-08-01,IU_South_1,567430
2020-09-01,IU_South_1,749345
2020-10-01,IU_South_1,1044329
2020-11-01,IU_South_1,958195
2020-12-01,IU_South_1,1054817
2021-01-01,IU_South_1,1150950
2021-02-01,IU_South_1,1563819
2021-03-01,IU_South_1,1576994
2021-04-01,IU_South_1,1366026
2021-05-01,IU_South_1,889477
2021-06-01,IU_South_1,920778
2021-07-01,IU_South_1,537562
2021-08-01,IU_South_1,583190
2021-09-01,IU_South_1,741884
2021-10-01,IU_South_1,1121624
2021-11-01,IU_South_1,1222986
2021-12-01,IU_South_1,1322401
2022-01-01,IU_South_1,1264656
2022-02-01,IU_South_1,1564836
2022-03-01,IU_South_1,2019616
2022-04-01,IU_South_1,1806229
2022-05-01,IU_South_1,1250503
2022-06-01,IU_South_1,1051578
2022-07-01,IU_South_1,579866
2022-08-01,IU_South_1,684823
2022-09-01,IU_South_1,1017018
2022-10-01,IU_South_1,1137548
2022-11-01,IU_South_1,1049166
2022-12-01,IU_South_1,1369557
2023-01-01,IU_South_1,1447472
2023-02-01,IU_South_1,1732787
2023-03-01,IU_South_1,1611083
2023-04-01,IU_South_1,1664881
2023-05-01,IU_South_1,1541319
2023-06-01,IU_South_1,896839
2023-07-01,IU_South_1,745985
2023-08-01,IU_South_1,781341
2023-09-01,IU_South_1,1132763
2023-10-01,IU_South_1,1313007
2023-11-01,IU_South_1,1259938
2023-12-01,IU_South_1,1444245
2024-01-01,IU_South_1,2282272
2024-02-01,IU_South_1,2160396
2024-03-01,IU_South_1,2146556
2024-04-01,IU_South_1,1876570
2024-05-01,IU_South_1,1721538
2024-06-01,IU_South_1,1231308
2024-07-01,IU_South_1,894183
2024-08-01,IU_South_1,1018815
2024-09-01,IU_South_1,922178
2024-10-01,IU_South_1,1355931
2024-11-01,IU_South_1,1628404
2024-12-01,IU_South_1,1759724
2025-01-01,IU_South_1,1716142
2025-02-01,IU_South_1,2295130
2025-03-01,IU_South_1,2275979
2025-04-01,IU_South_1,2170205
2025-05-01,IU_South_1,1580508
2025-06-01,IU_South_1,1257993
2025-07-01,IU_South_1,1016004
2025-08-01,IU_South_1,799133
2025-09-01,IU_South_1,1051095
2025-10-01,IU_South_1,1593119
2025-11-01,IU_South_1,1947814
2025-12-01,IU_South_1,2217274
2015-01-01,IU_South_2,915949
2015-02-01,IU_South_2,743158
2015-03-01,IU_South_2,946063
2015-04-01,IU_South_2,865639
2015-05-01,IU_South_2,634377
2015-06-01,IU_South_2,451023
2015-07-01,IU_South_2,339726
2015-08-01,IU_South_2,304310
2015-09-01,IU_South_2,416416
2015-10-01,IU_South_2,504421
2015-11-01,IU_South_2,518924
2015-12-01,IU_South_2,672282
2016-01-01,IU_South_2,938662
2016-02-01,IU_South_2,760685
2016-03-01,IU_South_2,902983
2016-04-01,IU_South_2,854704
2016-05-01,IU_South_2,646625
2016-06-01,IU_South_2,502862
2016-07-01,IU_South_2,396544
2016-08-01,IU_South_2,368007
2016-09-01,IU_South_2,567285
2016-10-01,IU_South_2,754598
2016-11-01,IU_South_2,672613
2016-12-01,IU_South_2,730740
2017-01-01,IU_South_2,1188888
2017-02-01,IU_South_2,1097179
2017-03-01,IU_South_2,1266148
2017-04-01,IU_South_2,1080593
2017-05-01,IU_South_2,928194
2017-06-01,IU_South_2,590786
2017-07-01,IU_South_2,376691
2017-08-01,IU_South_2,381663
2017-09-01,IU_South_2,507024
2017-10-01,IU_South_2,644532
2017-11-01,IU_South_2,892687
2017-12-01,IU_South_2,849770
2018-01-01,IU_South_2,1241095
2018-02-01,IU_South_2,1132537
2018-03-01,IU_South_2,1386777
2018-04-01,IU_South_2,1224276
2018-05-01,IU_South_2,794832
2018-06-01,IU_South_2,598545
2018-07-01,IU_South_2,475224
2018-08-01,IU_South_2,490183
2018-09-01,IU_South_2,720715
2018-10-01,IU_South_2,576544
2018-11-01,IU_South_2,1030676
2018-12-01,IU_South_2,1170225
2019-01-01,IU_South_2,1136856
2019-02-01,IU_South_2,1128758
2019-03-01,IU_South_2,1220561
2019-04-01,IU_South_2,1174444
2019-05-01,IU_South_2,1003504
2019-06-01,IU_South_2,652443
2019-07-01,IU_South_2,452265
2019-08-01,IU_South_2,479820
2019-09-01,IU_South_2,753520
2019-10-01,IU_South_2,835160
2019-11-01,IU_South_2,937940
2019-12-01,IU_South_2,931727
2020-01-01,IU_South_2,1269237
2020-02-01,IU_South_2,1218203
2020-03-01,IU_South_2,1454423
2020-04-01,IU_South_2,186115
2020-05-01,IU_South_2,876293
2020-06-01,IU_South_2,674054
2020-07-01,IU_South_2,609882
2020-08-01,IU_South_2,589299
2020-09-01,IU_South_2,574180
2020-10-01,IU_South_2,860730
2020-11-01,IU_South_2,1065941
2020-12-01,IU_South_2,1286608
2021-01-01,IU_South_2,1394672
2021-02-01,IU_South_2,1526094
2021-03-01,IU_South_2,1414129
2021-04-01,IU_South_2,1389809
2021-05-01,IU_South_2,1165396
2021-06-01,IU_South_2,716739
2021-07-01,IU_South_2,599318
2021-08-01,IU_South_2,595859
2021-09-01,IU_South_2,816928
2021-10-01,IU_South_2,875773
2021-11-01,IU_South_2,1107940
2021-12-01,IU_South_2,1329706
2022-01-01,IU_South_2,1286059
2022-02-01,IU_South_2,1380553
2022-03-01,IU_South_2,1760653
2022-04-01,IU_South_2,1271252
2022-05-01,IU_South_2,1434176
2022-06-01,IU_South_2,1090901
2022-07-01,IU_South_2,552017
2022-08-01,IU_South_2,698086
2022-09-01,IU_South_2,945613
2022-10-01,IU_South_2,1240025
2022-11-01,IU_South_2,1330082
2022-12-01,IU_South_2,1707438
2023-01-01,IU_South_2,1547665
2023-02-01,IU_South_2,1858654
2023-03-01,IU_South_2,1999302
2023-04-01,IU_South_2,2027307
2023-05-01,IU_South_2,1251950
2023-06-01,IU_South_2,1134050
2023-07-01,IU_South_2,823903
2023-08-01,IU_South_2,663445
2023-09-01,IU_South_2,1233116
2023-10-01,IU_South_2,1284298
2023-11-01,IU_South_2,1574393
2023-12-01,IU_South_2,1641295
2024-01-01,IU_South_2,1636994
2024-02-01,IU_South_2,2072420
2024-03-01,IU_South_2,2568348
2024-04-01,IU_South_2,1930352
2024-05-01,IU_South_2,1804528
2024-06-01,IU_South_2,1039640
2024-07-01,IU_South_2,965170
2024-08-01,IU_South_2,841332
2024-09-01,IU_South_2,1188577
2024-10-01,IU_South_2,1528704
2024-11-01,IU_South_2,1461094
2024-12-01,IU_South_2,1944939
2025-01-01,IU_South_2,2134352
2025-02-01,IU_South_2,2326254
2025-03-01,IU_South_2,2496700
2025-04-01,IU_South_2,2323107
2025-05-01,IU_South_2,1988628
2025-06-01,IU_South_2,1238982
2025-07-01,IU_South_2,784601
2025-08-01,IU_South_2,972840
2025-09-01,IU_South_2,1212192
2025-10-01,IU_South_2,1561003
2025-11-01,IU_South_2,1754930
2025-12-01,IU_South_2,2318872
2015-01-01,IU_South_3,688876
2015-02-01,IU_South_3,602985
2015-03-01,IU_South_3,926400
2015-04-01,IU_South_3,642334
2015-05-01,IU_South_3,731699
2015-06-01,IU_South_3,470616
2015-07-01,IU_South_3,313604
2015-08-01,IU_South_3,321718
2015-09-01,IU_South_3,417672
2015-10-01,IU_South_3,567168
2015-11-01,IU_South_3,581647
2015-12-01,IU_South_3,792318
2016-01-01,IU_South_3,890274
2016-02-01,IU_South_3,1083146
2016-03-01,IU_South_3,1090664
2016-04-01,IU_South_3,764568
2016-05-01,IU_South_3,560528
2016-06-01,IU_South_3,599006
2016-07-01,IU_South_3,322467
2016-08-01,IU_South_3,273807
2016-09-01,IU_South_3,404333
2016-10-01,IU_South_3,536035
2016-11-01,IU_South_3,726009
2016-12-01,IU_South_3,729457
2017-01-01,IU_South_3,962427
2017-02-01,IU_South_3,966259
2017-03-01,IU_South_3,1090679
2017-04-01,IU_South_3,1002251
2017-05-01,IU_South_3,894364
2017-06-01,IU_South_3,641564
2017-07-01,IU_South_3,367371
2017-08-01,IU_South_3,429289
2017-09-01,IU_South_3,468862
2017-10-01,IU_South_3,688578
2017-11-01,IU_South_3,903574
2017-12-01,IU_South_3,785429
2018-01-01,IU_South_3,1198009
2018-02-01,IU_South_3,1222714
2018-03-01,IU_South_3,1354268
2018-04-01,IU_South_3,1202235
2018-05-01,IU_South_3,1122499
2018-06-01,IU_South_3,649536
2018-07-01,IU_South_3,438107
2018-08-01,IU_South_3,564829
2018-09-01,IU_South_3,621654
2018-10-01,IU_South_3,791478
2018-11-01,IU_South_3,880011
2018-12-01,IU_South_3,1018658
2019-01-01,IU_South_3,1079724
2019-02-01,IU_South_3,1335888
2019-03-01,IU_South_3,1673688
2019-04-01,IU_South_3,1281043
2019-05-01,IU_South_3,960932
2019-06-01,IU_South_3,656783
2019-07-01,IU_South_3,621218
2019-08-01,IU_South_3,481389
2019-09-01,IU_South_3,627274
2019-10-01,IU_South_3,863243
2019-11-01,IU_South_3,1086876
2019-12-01,IU_South_3,1279461
2020-01-01,IU_South_3,1160525
2020-02-01,IU_South_3,1348427
2020-03-01,IU_South_3,1414831
2020-04-01,IU_South_3,151886
2020-05-01,IU_South_3,870978
2020-06-01,IU_South_3,594853
2020-07-01,IU_South_3,556739
2020-08-01,IU_South_3,454873
2020-09-01,IU_South_3,667598
2020-10-01,IU_South_3,826802
2020-11-01,IU_South_3,969590
2020-12-01,IU_South_3,1264412
2021-01-01,IU_South_3,1531669
2021-02-01,IU_South_3,1427049
2021-03-01,IU_South_3,1526970
2021-04-01,IU_South_3,1485881
2021-05-01,IU_South_3,1198360
2021-06-01,IU_South_3,918213
2021-07-01,IU_South_3,587271
2021-08-01,IU_South_3,585109
2021-09-01,IU_South_3,743744
2021-10-01,IU_South_3,1131021
2021-11-01,IU_South_3,1289026
2021-12-01,IU_South_3,1400855
2022-01-01,IU_South_3,1281866
2022-02-01,IU_South_3,1784642
2022-03-01,IU_South_3,1728022
2022-04-01,IU_South_3,1893852
2022-05-01,IU_South_3,1359364
2022-06-01,IU_South_3,937855
2022-07-01,IU_South_3,542045
2022-08-01,IU_South_3,683133
2022-09-01,IU_South_3,921130
2022-10-01,IU_South_3,1035938
2022-11-01,IU_South_3,1425654
2022-12-01,IU_South_3,1717085
2023-01-01,IU_South_3,1648873
2023-02-01,IU_South_3,2016679
2023-03-01,IU_South_3,2153488
2023-04-01,IU_South_3,1397354
2023-05-01,IU_South_3,1242387
2023-06-01,IU_South_3,1179168
2023-07-01,IU_South_3,638542
2023-08-01,IU_South_3,572211
2023-09-01,IU_South_3,1063512
2023-10-01,IU_South_3,1284839
2023-11-01,IU_South_3,1182828
2023-12-01,IU_South_3,1788416
2024-01-01,IU_South_3,2259521
2024-02-01,IU_South_3,2224108
2024-03-01,IU_South_3,2733622
2024-04-01,IU_South_3,1955981
2024-05-01,IU_South_3,2125500
2024-06-01,IU_South_3,1147813
2024-07-01,IU_South_3,769153
2024-08-01,IU_South_3,888288
2024-09-01,IU_South_3,1296224
2024-10-01,IU_South_3,1478145
2024-11-01,IU_South_3,1906093
2024-12-01,IU_South_3,2008856
2025-01-01,IU_South_3,2227877
2025-02-01,IU_South_3,2438129
2025-03-01,IU_South_3,2357194
2025-04-01,IU_South_3,2362107
2025-05-01,IU_South_3,1864290
2025-06-01,IU_South_3,1337581
2025-07-01,IU_South_3,765833
2025-08-01,IU_South_3,1066511
2025-09-01,IU_South_3,1334228
2025-10-01,IU_South_3,1335691
2025-11-01,IU_South_3,1906361
2025-12-01,IU_South_3,2030782
2015-01-01,IU_West_1,640361
2015-02-01,IU_West_1,562072
2015-03-01,IU_West_1,666106
2015-04-01,IU_West_1,587796
2015-05-01,IU_West_1,589576
2015-06-01,IU_West_1,342706
2015-07-01,IU_West_1,256614
2015-08-01,IU_West_1,303710
2015-09-01,IU_West_1,419692
2015-10-01,IU_West_1,541449
2015-11-01,IU_West_1,442688
2015-12-01,IU_West_1,544632
2016-01-01,IU_West_1,800440
2016-02-01,IU_West_1,704756
2016-03-01,IU_West_1,650560
2016-04-01,IU_West_1,550243
2016-05-01,IU_West_1,555241
2016-06-01,IU_West_1,389705
2016-07-01,IU_West_1,304673
2016-08-01,IU_West_1,260813
2016-09-01,IU_West_1,419552
2016-10-01,IU_West_1,498231
2016-11-01,IU_West_1,581386
2016-12-01,IU_West_1,641634
2017-01-01,IU_West_1,689899
2017-02-01,IU_West_1,814565
2017-03-01,IU_West_1,819329
2017-04-01,IU_West_1,868011
2017-05-01,IU_West_1,704556
2017-06-01,IU_West_1,440951
2017-07-01,IU_West_1,314392
2017-08-01,IU_West_1,350466
2017-09-01,IU_West_1,453753
2017-10-01,IU_West_1,591768
2017-11-01,IU_West_1,622435
2017-12-01,IU_West_1,798444
2018-01-01,IU_West_1,777496
2018-02-01,IU_West_1,897035
2018-03-01,IU_West_1,832039
2018-04-01,IU_West_1,756271
2018-05-01,IU_West_1,708774
2018-06-01,IU_West_1,545797
2018-07-01,IU_West_1,322732
2018-08-01,IU_West_1,302162
2018-09-01,IU_West_1,404002
2018-10-01,IU_West_1,760791
2018-11-01,IU_West_1,662656
2018-12-01,IU_West_1,816862
2019-01-01,IU_West_1,820358
2019-02-01,IU_West_1,1000072
2019-03-01,IU_West_1,920969
2019-04-01,IU_West_1,943461
2019-05-01,IU_West_1,785693
2019-06-01,IU_West_1,531429
2019-07-01,IU_West_1,431899
2019-08-01,IU_West_1,397668
2019-09-01,IU_West_1,626701
2019-10-01,IU_West_1,765755
2019-11-01,IU_West_1,827717
2019-12-01,IU_West_1,851620
2020-01-01,IU_West_1,1080710
2020-02-01,IU_West_1,997684
2020-03-01,IU_West_1,981202
2020-04-01,IU_West_1,150379
2020-05-01,IU_West_1,502887
2020-06-01,IU_West_1,384892
2020-07-01,IU_West_1,351066
2020-08-01,IU_West_1,375715
2020-09-01,IU_West_1,639296
2020-10-01,IU_West_1,671444
2020-11-01,IU_West_1,882230
2020-12-01,IU_West_1,948704
2021-01-01,IU_West_1,859152
2021-02-01,IU_West_1,1179508
2021-03-01,IU_West_1,1165099
2021-04-01,IU_West_1,984487
2021-05-01,IU_West_1,1108699
2021-06-01,IU_West_1,622850
2021-07-01,IU_West_1,470346
2021-08-01,IU_West_1,519412
2021-09-01,IU_West_1,651997
2021-10-01,IU_West_1,894206
2021-11-01,IU_West_1,842993
2021-12-01,IU_West_1,1019228
2022-01-01,IU_West_1,1105302
2022-02-01,IU_West_1,1261126
2022-03-01,IU_West_1,1223892
2022-04-01,IU_West_1,1193973
2022-05-01,IU_West_1,1007906
2022-06-01,IU_West_1,694994
2022-07-01,IU_West_1,463441
2022-08-01,IU_West_1,568752
2022-09-01,IU_West_1,701447
2022-10-01,IU_West_1,913463
2022-11-01,IU_West_1,1202152
2022-12-01,IU_West_1,1175810
2023-01-01,IU_West_1,1334694
2023-02-01,IU_West_1,1279542
2023-03-01,IU_West_1,1317687
2023-04-01,IU_West_1,1383028
2023-05-01,IU_West_1,1031197
2023-06-01,IU_West_1,974562
2023-07-01,IU_West_1,532937
2023-08-01,IU_West_1,638388
2023-09-01,IU_West_1,752530
2023-10-01,IU_West_1,1052060
2023-11-01,IU_West_1,1372217
2023-12-01,IU_West_1,1421515
2024-01-01,IU_West_1,1505648
2024-02-01,IU_West_1,1519348
2024-03-01,IU_West_1,1530766
2024-04-01,IU_West_1,1445722
2024-05-01,IU_West_1,1222648
2024-06-01,IU_West_1,979021
2024-07-01,IU_West_1,719722
2024-08-01,IU_West_1,679203
2024-09-01,IU_West_1,1031918
2024-10-01,IU_West_1,1083081
2024-11-01,IU_West_1,1679782
2024-12-01,IU_West_1,1671406
2025-01-01,IU_West_1,1286297
2025-02-01,IU_West_1,1628773
2025-03-01,IU_West_1,1960830
2025-04-01,IU_West_1,1467306
2025-05-01,IU_West_1,1684154
2025-06-01,IU_West_1,928889
2025-07-01,IU_West_1,702131
2025-08-01,IU_West_1,729645
2025-09-01,IU_West_1,995471
2025-10-01,IU_West_1,1579430
2025-11-01,IU_West_1,1275381
2025-12-01,IU_West_1,1577058
2015-01-01,IU_West_2,600141
2015-02-01,IU_West_2,492263
2015-03-01,IU_West_2,532714
2015-04-01,IU_West_2,496186
2015-05-01,IU_West_2,574425
2015-06-01,IU_West_2,418053
2015-07-01,IU_West_2,202438
2015-08-01,IU_West_2,337954
2015-09-01,IU_West_2,383528
2015-10-01,IU_West_2,406913
2015-11-01,IU_West_2,473014
2015-12-01,IU_West_2,587777
2016-01-01,IU_West_2,674457
2016-02-01,IU_West_2,605327
2016-03-01,IU_West_2,771698
2016-04-01,IU_West_2,797568
2016-05-01,IU_West_2,606662
2016-06-01,IU_West_2,396055
2016-07-01,IU_West_2,299551
2016-08-01,IU_West_2,298715
2016-09-01,IU_West_2,419128
2016-10-01,IU_West_2,527078
2016-11-01,IU_West_2,438427
2016-12-01,IU_West_2,600241
2017-01-01,IU_West_2,682363
2017-02-01,IU_West_2,830672
2017-03-01,IU_West_2,851356
2017-04-01,IU_West_2,636919
2017-05-01,IU_West_2,529310
2017-06-01,IU_West_2,438333
2017-07-01,IU_West_2,330828
2017-08-01,IU_West_2,329269
2017-09-01,IU_West_2,505386
2017-10-01,IU_West_2,572731
2017-11-01,IU_West_2,739937
2017-12-01,IU_West_2,803374
2018-01-01,IU_West_2,745996
2018-02-01,IU_West_2,896872
2018-03-01,IU_West_2,891564
2018-04-01,IU_West_2,808842
2018-05-01,IU_West_2,695287
2018-06-01,IU_West_2,500181
2018-07-01,IU_West_2,398010
2018-08-01,IU_West_2,445944
2018-09-01,IU_West_2,425112
2018-10-01,IU_West_2,632327
2018-11-01,IU_West_2,662482
2018-12-01,IU_West_2,815982
2019-01-01,IU_West_2,797962
2019-02-01,IU_West_2,1057021
2019-03-01,IU_West_2,900010
2019-04-01,IU_West_2,1057012
2019-05-01,IU_West_2,627713
2019-06-01,IU_West_2,507385
2019-07-01,IU_West_2,315895
2019-08-01,IU_West_2,420835
2019-09-01,IU_West_2,572978
2019-10-01,IU_West_2,638391
2019-11-01,IU_West_2,733538
2019-12-01,IU_West_2,898939
2020-01-01,IU_West_2,776701
2020-02-01,IU_West_2,1131704
2020-03-01,IU_West_2,1230223
2020-04-01,IU_West_2,153178
2020-05-01,IU_West_2,609562
2020-06-01,IU_West_2,368330
2020-07-01,IU_West_2,494829
2020-08-01,IU_West_2,491185
2020-09-01,IU_West_2,547497
2020-10-01,IU_West_2,764205
2020-11-01,IU_West_2,1070005
2020-12-01,IU_West_2,972771
2021-01-01,IU_West_2,965786
2021-02-01,IU_West_2,1032669
2021-03-01,IU_West_2,1073769
2021-04-01,IU_West_2,1122914
2021-05-01,IU_West_2,997554
2021-06-01,IU_West_2,714205
2021-07-01,IU_West_2,414497
2021-08-01,IU_West_2,475971
2021-09-01,IU_West_2,651940
2021-10-01,IU_West_2,816800
2021-11-01,IU_West_2,854648
2021-12-01,IU_West_2,987923
2022-01-01,IU_West_2,1433904
2022-02-01,IU_West_2,1131876
2022-03-01,IU_West_2,1317402
2022-04-01,IU_West_2,1245208
2022-05-01,IU_West_2,1031370
2022-06-01,IU_West_2,712833
2022-07-01,IU_West_2,507506
2022-08-01,IU_West_2,564606
2022-09-01,IU_West_2,634855
2022-10-01,IU_West_2,943274
2022-11-01,IU_West_2,1050209
2022-12-01,IU_West_2,1306222
2023-01-01,IU_West_2,1291254
2023-02-01,IU_West_2,1352093
2023-03-01,IU_West_2,1529413
2023-04-01,IU_West_2,1368704
2023-05-01,IU_West_2,1124443
2023-06-01,IU_West_2,877821
2023-07-01,IU_West_2,592294
2023-08-01,IU_West_2,614026
2023-09-01,IU_West_2,743125
2023-10-01,IU_West_2,1120264
2023-11-01,IU_West_2,993809
2023-12-01,IU_West_2,1492012
2024-01-01,IU_West_2,1758695
2024-02-01,IU_West_2,1471072
2024-03-01,IU_West_2,1759958
2024-04-01,IU_West_2,1623648
2024-05-01,IU_West_2,1423585
2024-06-01,IU_West_2,851451
2024-07-01,IU_West_2,600753
2024-08-01,IU_West_2,701737
2024-09-01,IU_West_2,1058202
2024-10-01,IU_West_2,1343409
2024-11-01,IU_West_2,1395702
2024-12-01,IU_West_2,1511383
2025-01-01,IU_West_2,1761521
2025-02-01,IU_West_2,1747998
2025-03-01,IU_West_2,1579496
2025-04-01,IU_West_2,1511799
2025-05-01,IU_West_2,1261836
2025-06-01,IU_West_2,873287
2025-07-01,IU_West_2,807450
2025-08-01,IU_West_2,768990
2025-09-01,IU_West_2,1161332
2025-10-01,IU_West_2,1522356
2025-11-01,IU_West_2,1508421
2025-12-01,IU_West_2,1770073
2015-01-01,IU_West_3,602304
2015-02-01,IU_West_3,701979
2015-03-01,IU_West_3,659609
2015-04-01,IU_West_3,544733
2015-05-01,IU_West_3,521737
2015-06-01,IU_West_3,355043
2015-07-01,IU_West_3,220228
2015-08-01,IU_West_3,275466
2015-09-01,IU_West_3,340960
2015-10-01,IU_West_3,448558
2015-11-01,IU_West_3,600988
2015-12-01,IU_West_3,456656
2016-01-01,IU_West_3,665297
2016-02-01,IU_West_3,590970
2016-03-01,IU_West_3,707934
2016-04-01,IU_West_3,787056
2016-05-01,IU_West_3,613124
2016-06-01,IU_West_3,458048
2016-07-01,IU_West_3,239362
2016-08-01,IU_West_3,304719
2016-09-01,IU_West_3,435535
2016-10-01,IU_West_3,514771
2016-11-01,IU_West_3,488074
2016-12-01,IU_West_3,720984
2017-01-01,IU_West_3,761326
2017-02-01,IU_West_3,719959
2017-03-01,IU_West_3,908696
2017-04-01,IU_West_3,677129
2017-05-01,IU_West_3,706811
2017-06-01,IU_West_3,425947
2017-07-01,IU_West_3,341229
2017-08-01,IU_West_3,349732
2017-09-01,IU_West_3,453235
2017-10-01,IU_West_3,573517
2017-11-01,IU_West_3,603878
2017-12-01,IU_West_3,765720
2018-01-01,IU_West_3,871698
2018-02-01,IU_West_3,845566
2018-03-01,IU_West_3,868753
2018-04-01,IU_West_3,787319
2018-05-01,IU_West_3,681340
2018-06-01,IU_West_3,517387
2018-07-01,IU_West_3,419624
2018-08-01,IU_West_3,428322
2018-09-01,IU_West_3,595880
2018-10-01,IU_West_3,641394
2018-11-01,IU_West_3,778648
2018-12-01,IU_West_3,876713
2019-01-01,IU_West_3,853679
2019-02-01,IU_West_3,926550
2019-03-01,IU_West_3,1279148
2019-04-01,IU_West_3,796509
2019-05-01,IU_West_3,913244
2019-06-01,IU_West_3,561474
2019-07-01,IU_West_3,410862
2019-08-01,IU_West_3,404356
2019-09-01,IU_West_3,490096
2019-10-01,IU_West_3,818157
2019-11-01,IU_West_3,778682
2019-12-01,IU_West_3,765415
2020-01-01,IU_West_3,872838
2020-02-01,IU_West_3,1007013
2020-03-01,IU_West_3,1243505
2020-04-01,IU_West_3,125160
2020-05-01,IU_West_3,572083
2020-06-01,IU_West_3,477413
2020-07-01,IU_West_3,416787
2020-08-01,IU_West_3,460225
2020-09-01,IU_West_3,524187
2020-10-01,IU_West_3,657702
2020-11-01,IU_West_3,996373
2020-12-01,IU_West_3,1115044
2021-01-01,IU_West_3,1223929
2021-02-01,IU_West_3,1171937
2021-03-01,IU_West_3,1365587
2021-04-01,IU_West_3,1004395
2021-05-01,IU_West_3,875208
2021-06-01,IU_West_3,668335
2021-07-01,IU_West_3,551676
2021-08-01,IU_West_3,519843
2021-09-01,IU_West_3,551599
2021-10-01,IU_West_3,692888
2021-11-01,IU_West_3,930119
2021-12-01,IU_West_3,1064874
2022-01-01,IU_West_3,1238304
2022-02-01,IU_West_3,1224227
2022-03-01,IU_West_3,1267363
2022-04-01,IU_West_3,1101417
2022-05-01,IU_West_3,1101811
2022-06-01,IU_West_3,633856
2022-07-01,IU_West_3,525382
2022-08-01,IU_West_3,496182
2022-09-01,IU_West_3,676912
2022-10-01,IU_West_3,853989
2022-11-01,IU_West_3,946324
2022-12-01,IU_West_3,1116377
2023-01-01,IU_West_3,1521081
2023-02-01,IU_West_3,1169732
2023-03-01,IU_West_3,1598564
2023-04-01,IU_West_3,1251302
2023-05-01,IU_West_3,1253229
2023-06-01,IU_West_3,722648
2023-07-01,IU_West_3,594779
2023-08-01,IU_West_3,613996
2023-09-01,IU_West_3,698215
2023-10-01,IU_West_3,939195
2023-11-01,IU_West_3,1165753
2023-12-01,IU_West_3,1539614
2024-01-01,IU_West_3,1328166
2024-02-01,IU_West_3,1624431
2024-03-01,IU_West_3,1813478
2024-04-01,IU_West_3,1608636
2024-05-01,IU_West_3,1289215
2024-06-01,IU_West_3,764112
2024-07-01,IU_West_3,730443
2024-08-01,IU_West_3,702459
2024-09-01,IU_West_3,755028
2024-10-01,IU_West_3,1383184
2024-11-01,IU_West_3,1292759
2024-12-01,IU_West_3,1491054
2025-01-01,IU_West_3,1744361
2025-02-01,IU_West_3,2024103
2025-03-01,IU_West_3,1773347
2025-04-01,IU_West_3,1496177
2025-05-01,IU_West_3,1500891
2025-06-01,IU_West_3,979119
2025-07-01,IU_West_3,655323
2025-08-01,IU_West_3,692693
2025-09-01,IU_West_3,1125801
2025-10-01,IU_West_3,1283541
2025-11-01,IU_West_3,1428784
2025-12-01,IU_West_3,1586078
